EVENT_ID,CZ_NAME_STR,BEGIN_DATE,BEGIN_TIME,EVENT_TYPE,DEATHS_DIRECT,INJURIES_DIRECT,DAMAGE_PROPERTY_NUM,DAMAGE_CROPS_NUM,INJURIES_INDIRECT,DEATHS_INDIRECT,END_DATE,END_TIME
5170551,Escambia County,8/9/2000,1930,Flash Flood,0,0,0,0,0,0,8/9/2000,2100
5155388,Leon County,8/20/2000,1510,Flood,0,0,25000,0,0,0,8/20/2000,1700
5158462,Leon County,9/6/2000,700,Flash Flood,0,0,150000,0,0,0,9/6/2000,1400
5160553,Wakulla County,9/6/2000,700,Flash Flood,0,0,75000,0,0,0,9/6/2000,1400
5160552,Jefferson County,9/6/2000,700,Flash Flood,0,0,75000,0,0,0,9/6/2000,1400
5157718,Franklin County,9/22/2000,700,Flash Flood,0,0,200000,0,0,0,9/22/2000,1700
5157717,Gulf County,9/22/2000,700,Flash Flood,0,0,100000,0,0,0,9/22/2000,1500
5158945,Jefferson County,9/22/2000,900,Flash Flood,0,0,50000,0,0,0,9/22/2000,1700
5157716,Leon County,9/22/2000,900,Flash Flood,0,0,500000,0,0,0,9/22/2000,1700
5158946,Wakulla County,9/22/2000,900,Flash Flood,0,0,1000000,0,0,0,9/22/2000,1700
5235815,Escambia County,3/3/2001,1200,Flash Flood,0,0,5000,0,0,0,3/3/2001,1600
5235816,Santa Rosa County,3/3/2001,1200,Flash Flood,0,0,5000,0,0,0,3/3/2001,1600
5251411,Bay County,6/11/2001,1000,Flood,0,0,125000,0,0,0,6/11/2001,1500
5251197,Calhoun County,6/11/2001,1800,Flood,0,0,0,0,0,0,6/11/2001,2100
5251271,Leon County,6/11/2001,2200,Flash Flood,1,0,20000000,0,0,0,6/12/2001,200
5264565,Liberty County,8/6/2001,150,Flash Flood,0,0,25000,0,0,0,8/6/2001,300
5264662,Leon County,8/6/2001,1330,Flash Flood,0,0,750000,0,0,0,8/6/2001,1700
5264663,Leon County,8/6/2001,1800,Flash Flood,0,0,1500000,0,0,0,8/9/2001,1800
5264664,Wakulla County,8/6/2001,2000,Flash Flood,0,0,250000,0,0,0,8/10/2001,1200
5285714,Leon County,3/3/2002,200,Flash Flood,0,0,1000000,0,0,0,3/3/2002,600
5285718,Wakulla County,3/3/2002,200,Flash Flood,0,0,20000,0,0,0,3/3/2002,600
5285716,Calhoun County,3/3/2002,200,Flash Flood,0,0,10000,0,0,0,3/3/2002,600
5285715,Jefferson County,3/3/2002,300,Flash Flood,0,0,20000,0,0,0,3/3/2002,700
5320059,Gadsden County,9/14/2002,1100,Flash Flood,0,0,10000,0,0,0,9/14/2002,1300
5320061,Wakulla County,9/14/2002,1100,Flash Flood,0,0,10000,0,0,0,9/14/2002,1300
5320060,Leon County,9/14/2002,1100,Flash Flood,0,0,10000,0,0,0,9/14/2002,1300
5320052,Walton County,9/14/2002,2100,Flash Flood,0,0,125000,0,0,0,9/14/2002,2300
5320054,Bay County,9/14/2002,2230,Flash Flood,0,0,10000,0,0,0,9/15/2002,0
5320138,Washington County,9/14/2002,2230,Flash Flood,0,0,10000,0,0,0,9/15/2002,0
5320056,Calhoun County,9/14/2002,2300,Flash Flood,0,0,10000,0,0,0,9/15/2002,100
5320057,Holmes County,9/14/2002,2300,Flash Flood,0,0,5000,0,0,0,9/15/2002,100
5319755,Escambia County,9/25/2002,1100,Flash Flood,0,0,0,0,0,0,9/25/2002,1200
5319756,Santa Rosa County,9/25/2002,1305,Flash Flood,0,0,0,0,0,0,9/25/2002,1400
5319820,Escambia County,9/25/2002,2140,Flash Flood,0,0,0,0,0,0,9/26/2002,1500
5319821,Santa Rosa County,9/25/2002,2140,Flash Flood,0,0,0,0,0,0,9/26/2002,1500
5347623,Franklin County,3/7/2003,600,Flood,0,0,50000,0,0,0,3/9/2003,1200
5347029,Leon County,3/7/2003,600,Flood,0,0,100000,0,0,0,3/9/2003,600
5347984,Wakulla County,3/7/2003,600,Flood,0,0,150000,0,0,0,3/9/2003,1500
5347531,Liberty County,3/7/2003,600,Flood,0,0,100000,0,0,0,3/9/2003,600
5346737,Bay County,3/20/2003,500,Flash Flood,0,0,25000,0,0,0,3/20/2003,600
5358413,Escambia County,5/18/2003,845,Flash Flood,0,0,0,0,0,0,5/18/2003,1000
5364817,Leon County,6/18/2003,1300,Flood,0,0,20000,0,0,0,6/21/2003,1300
5369899,Escambia County,6/30/2003,2100,Flash Flood,0,0,0,0,0,0,6/30/2003,2359
5369900,Santa Rosa County,6/30/2003,2100,Flash Flood,0,0,0,0,0,0,6/30/2003,2359
5370605,Santa Rosa County,7/1/2003,0,Flash Flood,0,0,0,0,0,0,7/1/2003,800
5370603,Escambia County,7/1/2003,0,Flash Flood,0,0,0,0,0,0,7/1/2003,700
5334946,Bay County,7/2/2003,400,Flood,0,0,1000000,0,0,0,7/2/2003,2100
5377931,Walton County,8/11/2003,130,Flash Flood,0,0,0,0,0,0,8/11/2003,200
5404569,Walton County,6/26/2004,1540,Flash Flood,0,0,10000,0,0,0,6/26/2004,1640
5422228,Escambia County,9/16/2004,300,Flash Flood,0,0,0,0,0,0,9/16/2004,500
5439725,Walton County,3/31/2005,1730,Flash Flood,0,0,50000,0,0,0,3/31/2005,2030
5439726,Holmes County,3/31/2005,1730,Flash Flood,0,0,25000,0,0,0,3/31/2005,2030
5439798,Escambia County,3/31/2005,1800,Flash Flood,0,0,40000,0,0,0,3/31/2005,2359
5439763,Santa Rosa County,3/31/2005,1900,Flash Flood,0,0,3000,0,0,0,3/31/2005,2359
5443066,Escambia County,4/1/2005,0,Flash Flood,0,0,100000,0,0,0,4/1/2005,1130
5443068,Santa Rosa County,4/1/2005,0,Flash Flood,0,0,25000,0,0,0,4/1/2005,1130
5447838,Holmes County,4/1/2005,500,Flood,0,0,250000,0,0,0,4/2/2005,2000
5447900,Washington County,4/1/2005,600,Flood,0,0,500000,0,0,0,4/3/2005,600
5447904,Gulf County,4/1/2005,600,Flood,0,0,5000000,0,0,0,4/7/2005,600
5447902,Walton County,4/1/2005,1600,Flood,0,0,100000,0,0,0,4/3/2005,1600
5447837,Liberty County,4/1/2005,1800,Flood,0,0,25000,0,0,0,4/2/2005,600
5443260,Escambia County,4/6/2005,1730,Flash Flood,0,0,150000,0,0,0,4/7/2005,200
5443261,Santa Rosa County,4/6/2005,1750,Flash Flood,0,0,25000,0,0,0,4/7/2005,200
5443704,Santa Rosa County,4/30/2005,1100,Flash Flood,0,0,0,0,0,0,4/30/2005,1200
5443705,Escambia County,4/30/2005,1100,Flash Flood,0,0,0,0,0,0,4/30/2005,1200
5463448,Leon County,7/10/2005,1130,Flash Flood,0,0,500000,0,0,0,7/10/2005,1530
5463716,Santa Rosa County,7/10/2005,1330,Flash Flood,0,0,0,0,0,0,7/10/2005,1800
5463715,Escambia County,7/10/2005,1330,Flash Flood,0,0,0,0,0,0,7/10/2005,1800
5469394,Escambia County,8/29/2005,1200,Flash Flood,0,0,0,0,0,0,8/29/2005,1830
5469395,Santa Rosa County,8/29/2005,1200,Flash Flood,0,0,0,0,0,0,8/29/2005,1830
5475493,Santa Rosa County,9/26/2005,1000,Flash Flood,0,0,0,0,0,0,9/26/2005,1130
5475494,Escambia County,9/26/2005,1000,Flash Flood,0,0,0,0,0,0,9/26/2005,1130
5492531,Wakulla County,1/2/2006,1440,Flash Flood,0,0,1000,0,0,0,1/2/2006,1530
5492381,Leon County,2/2/2006,1700,Flash Flood,0,0,0,0,0,0,2/2/2006,1800
33245,Escambia County,5/30/2007,1215,Flash Flood,0,0,0,0,0,0,5/30/2007,1330
61496,Escambia County,10/19/2007,140,Flash Flood,0,0,20000,0,0,0,10/19/2007,1300
62253,Santa Rosa County,10/19/2007,140,Flash Flood,0,0,10000,0,0,0,10/19/2007,1300
75607,Escambia County,1/31/2008,2030,Flash Flood,0,0,0,0,0,0,1/31/2008,2130
81599,Bay County,2/21/2008,1615,Flood,0,0,750000,0,0,0,2/21/2008,2215
81600,Washington County,2/21/2008,1700,Flood,0,0,0,0,0,0,2/21/2008,2000
93049,Escambia County,4/5/2008,600,Flash Flood,0,0,0,0,0,0,4/5/2008,1100
93055,Santa Rosa County,4/5/2008,750,Flash Flood,0,0,8000,0,0,0,4/5/2008,1100
154582,Jefferson County,8/23/2008,1100,Flash Flood,0,0,100000,0,0,0,8/23/2008,2100
154594,Gadsden County,8/23/2008,1200,Flash Flood,0,0,100000,0,0,0,8/23/2008,2200
154591,Wakulla County,8/23/2008,1200,Flash Flood,0,0,500000,0,0,0,8/23/2008,2200
154586,Leon County,8/23/2008,1200,Flash Flood,0,0,10000000,0,0,0,8/23/2008,2200
137524,Escambia County,10/7/2008,500,Flash Flood,0,0,0,0,0,0,10/7/2008,800
141150,Leon County,11/14/2008,955,Flash Flood,0,0,0,0,0,0,11/14/2008,1055
141151,Leon County,11/14/2008,1000,Flash Flood,0,0,0,0,0,0,11/14/2008,1100
140645,Escambia County,12/10/2008,830,Flash Flood,0,0,5000,0,0,0,12/10/2008,1130
161058,Escambia County,3/28/2009,237,Flash Flood,0,0,0,0,0,0,3/28/2009,337
163360,Washington County,3/30/2009,0,Flood,0,0,150000,0,0,0,3/31/2009,2300
163361,Leon County,3/30/2009,1200,Flood,0,0,250000,0,0,0,3/31/2009,2300
163362,Calhoun County,3/30/2009,1200,Flood,0,0,500000,0,0,0,3/31/2009,2300
200431,Washington County,4/1/2009,0,Flood,0,0,200000,0,0,0,4/3/2009,0
167456,Gadsden County,4/2/2009,1100,Flash Flood,0,0,0,0,0,0,4/2/2009,1200
167551,Leon County,4/2/2009,1222,Flood,0,0,0,0,0,0,4/2/2009,1322
167555,Leon County,4/2/2009,1226,Flood,0,0,0,0,0,0,4/2/2009,1326
167556,Leon County,4/2/2009,1226,Flood,0,0,0,0,0,0,4/2/2009,1326
167563,Holmes County,4/2/2009,1426,Flood,0,0,0,0,0,0,4/2/2009,1526
167562,Holmes County,4/2/2009,1426,Flood,0,0,0,0,0,0,4/2/2009,1526
168390,Leon County,4/13/2009,1510,Flood,0,0,0,0,0,0,4/13/2009,1610
168402,Leon County,4/13/2009,1515,Flood,0,0,0,0,0,0,4/13/2009,1615
168399,Leon County,4/13/2009,1525,Flood,0,0,0,0,0,0,4/13/2009,1625
168400,Leon County,4/13/2009,1530,Flood,0,0,0,0,0,0,4/13/2009,1630
168401,Leon County,4/13/2009,1545,Flood,0,0,0,0,0,0,4/13/2009,1645
173990,Santa Rosa County,5/5/2009,1420,Flash Flood,0,0,25000,0,0,0,5/5/2009,1540
173524,Leon County,6/28/2009,1935,Flash Flood,0,0,0,0,0,0,6/28/2009,2035
190727,Leon County,7/2/2009,1620,Flood,0,0,0,0,0,0,7/2/2009,1720
190807,Walton County,7/6/2009,740,Flood,0,0,0,0,0,0,7/6/2009,800
193612,Franklin County,9/18/2009,700,Flood,0,0,0,0,0,0,9/18/2009,1300
206702,Bay County,12/2/2009,850,Flood,0,0,0,0,0,0,12/2/2009,1050
206703,Gulf County,12/2/2009,1115,Flood,0,0,0,0,0,0,12/2/2009,1315
206704,Gadsden County,12/2/2009,1235,Flood,0,0,0,0,0,0,12/2/2009,1435
206705,Wakulla County,12/2/2009,1420,Flood,0,0,0,0,0,0,12/2/2009,1620
213798,Santa Rosa County,1/20/2010,2250,Flash Flood,0,0,0,0,0,0,1/21/2010,0
213809,Santa Rosa County,1/20/2010,2250,Flash Flood,0,0,0,0,0,0,1/21/2010,0
213816,Escambia County,1/21/2010,300,Flash Flood,0,0,0,0,0,0,1/21/2010,600
213817,Escambia County,1/21/2010,300,Flash Flood,0,0,0,0,0,0,1/21/2010,600
213821,Escambia County,1/21/2010,300,Flash Flood,0,0,0,0,0,0,1/21/2010,600
213820,Escambia County,1/21/2010,300,Flash Flood,0,0,0,0,0,0,1/21/2010,600
229457,Walton County,1/21/2010,400,Flash Flood,0,0,0,0,0,0,1/21/2010,1400
229458,Bay County,1/21/2010,400,Flash Flood,0,0,0,0,0,0,1/21/2010,1400
229455,Wakulla County,1/21/2010,400,Flash Flood,0,0,0,0,0,0,1/21/2010,1400
213834,Santa Rosa County,1/21/2010,400,Flash Flood,0,0,0,0,0,0,1/21/2010,600
213831,Santa Rosa County,1/21/2010,400,Flash Flood,0,0,0,0,0,0,1/21/2010,600
213826,Santa Rosa County,1/21/2010,400,Flash Flood,0,0,0,0,0,0,1/21/2010,600
229456,Leon County,1/21/2010,400,Flash Flood,0,0,0,0,0,0,1/21/2010,1400
213824,Santa Rosa County,1/21/2010,1000,Flash Flood,0,0,0,0,0,0,1/21/2010,1200
235375,Walton County,5/3/2010,1849,Flood,0,0,0,0,0,0,5/4/2010,330
235381,Bay County,5/4/2010,549,Flood,0,0,0,0,0,0,5/4/2010,1000
235387,Calhoun County,5/4/2010,635,Flood,0,0,0,0,0,0,5/4/2010,1000
235394,Calhoun County,5/4/2010,743,Flood,0,0,0,0,0,0,5/4/2010,1000
253046,Leon County,7/15/2010,1700,Flash Flood,0,0,20000,0,0,0,7/15/2010,1800
258866,Bay County,8/25/2010,30,Flash Flood,0,0,0,0,0,0,8/25/2010,230
269160,Escambia County,11/3/2010,730,Flash Flood,0,0,0,0,0,0,11/3/2010,830
269165,Escambia County,11/3/2010,730,Flash Flood,0,0,0,0,0,0,11/3/2010,830
269161,Escambia County,11/3/2010,730,Flash Flood,0,0,0,0,0,0,11/3/2010,830
269162,Escambia County,11/3/2010,730,Flash Flood,0,0,0,0,0,0,11/3/2010,830
269163,Escambia County,11/3/2010,730,Flash Flood,0,0,0,0,0,0,11/3/2010,830
357816,Washington County,2/18/2012,1930,Flash Flood,0,0,0,0,0,0,2/19/2012,130
357813,Holmes County,2/18/2012,2101,Flash Flood,0,0,0,0,0,0,2/19/2012,130
392628,Escambia County,6/9/2012,902,Flash Flood,0,0,0,0,0,0,6/9/2012,1200
398028,Escambia County,6/9/2012,950,Flash Flood,0,0,10000,0,0,0,6/9/2012,1400
392647,Escambia County,6/9/2012,1215,Flash Flood,0,0,5000,0,0,0,6/9/2012,1715
397907,Escambia County,6/9/2012,1333,Flash Flood,0,0,50000,0,0,0,6/9/2012,1733
398042,Santa Rosa County,6/9/2012,1425,Flash Flood,0,0,0,0,0,0,6/9/2012,1630
398065,Escambia County,6/9/2012,1509,Flash Flood,0,0,10000,0,0,0,6/9/2012,1700
396531,Wakulla County,6/25/2012,1112,Flash Flood,0,0,8790000,0,0,0,6/26/2012,415
396525,Leon County,6/25/2012,1803,Flash Flood,0,0,50000,0,0,0,6/26/2012,100
396520,Jefferson County,6/25/2012,1836,Flash Flood,0,0,20000,0,0,0,6/26/2012,100
405088,Escambia County,7/6/2012,730,Flash Flood,0,0,0,0,0,0,7/6/2012,930
392333,Holmes County,8/7/2012,700,Flash Flood,0,0,0,0,0,0,8/7/2012,830
398426,Walton County,9/5/2012,700,Flood,0,0,0,0,0,0,9/5/2012,1315
398425,Walton County,9/5/2012,700,Flood,0,0,0,0,0,0,9/5/2012,1315
398424,Walton County,9/5/2012,700,Flood,0,0,0,0,0,0,9/5/2012,1315
398422,Walton County,9/5/2012,700,Flood,0,0,0,0,0,0,9/5/2012,1315
398421,Walton County,9/5/2012,700,Flood,0,0,0,0,0,0,9/5/2012,1315
398429,Walton County,9/5/2012,700,Flood,0,0,0,0,0,0,9/5/2012,1315
398428,Walton County,9/5/2012,700,Flood,0,0,0,0,0,0,9/5/2012,1315
398427,Walton County,9/5/2012,700,Flood,0,0,0,0,0,0,9/5/2012,1315
427448,Holmes County,2/12/2013,1922,Flood,0,0,0,0,0,0,2/13/2013,200
435762,Bay County,2/25/2013,930,Flash Flood,0,0,0,0,0,0,2/25/2013,1415
435766,Bay County,2/25/2013,1200,Flash Flood,0,0,0,0,0,0,2/25/2013,1415
435765,Bay County,2/25/2013,1200,Flash Flood,0,0,0,0,0,0,2/25/2013,1415
435780,Walton County,2/25/2013,1400,Flood,0,0,1000000,0,0,0,2/26/2013,1100
435776,Bay County,2/25/2013,1500,Flood,0,0,0,0,0,0,2/26/2013,1100
435775,Washington County,2/25/2013,1800,Flood,0,0,1360000,0,0,0,2/26/2013,1100
435774,Calhoun County,2/25/2013,1800,Flood,0,0,1100000,0,0,0,2/26/2013,1100
436277,Holmes County,2/25/2013,1800,Flood,0,0,1460000,0,0,0,2/26/2013,1100
427318,Gadsden County,2/26/2013,528,Flash Flood,0,0,0,0,0,0,2/26/2013,615
435778,Leon County,2/26/2013,604,Flash Flood,0,0,0,0,0,0,2/26/2013,645
465600,Santa Rosa County,6/10/2013,715,Flash Flood,0,0,0,0,0,0,6/10/2013,1115
464370,Escambia County,6/10/2013,800,Flash Flood,0,0,0,0,0,0,6/10/2013,1200
469461,Holmes County,7/3/2013,1000,Flash Flood,0,0,0,0,0,0,7/3/2013,1315
469476,Washington County,7/3/2013,1000,Flash Flood,0,0,0,0,0,0,7/3/2013,1315
469483,Washington County,7/3/2013,1150,Flash Flood,0,0,0,0,0,0,7/3/2013,1315
469466,Walton County,7/3/2013,1200,Flash Flood,0,0,0,0,0,0,7/3/2013,1315
469469,Leon County,7/3/2013,1520,Flash Flood,0,0,0,0,0,0,7/3/2013,1600
471426,Holmes County,7/4/2013,345,Flood,0,0,8500000,0,0,0,7/6/2013,1900
471429,Walton County,7/4/2013,345,Flood,0,0,11000000,0,0,0,7/6/2013,1900
471363,Holmes County,7/4/2013,830,Flash Flood,0,0,0,0,0,0,7/4/2013,1045
471366,Holmes County,7/4/2013,830,Flash Flood,0,0,0,0,0,0,7/4/2013,1045
471369,Holmes County,7/4/2013,830,Flash Flood,0,0,0,0,0,0,7/4/2013,1045
471367,Holmes County,7/4/2013,830,Flash Flood,0,0,0,0,0,0,7/4/2013,1045
471371,Holmes County,7/4/2013,900,Flash Flood,0,0,0,0,0,0,7/4/2013,1045
471373,Holmes County,7/4/2013,1000,Flash Flood,0,0,0,0,0,0,7/4/2013,1645
469485,Washington County,7/4/2013,1050,Flash Flood,0,0,0,0,0,0,7/4/2013,1430
471400,Bay County,7/4/2013,1111,Flash Flood,0,0,0,0,0,0,7/4/2013,1900
471404,Bay County,7/4/2013,1140,Flash Flood,0,0,0,0,0,0,7/4/2013,1900
471402,Bay County,7/4/2013,1140,Flash Flood,0,0,0,0,0,0,7/4/2013,1900
471376,Holmes County,7/4/2013,1200,Flash Flood,0,0,0,0,0,0,7/4/2013,1500
471377,Holmes County,7/4/2013,1200,Flash Flood,0,0,0,0,0,0,7/4/2013,1500
471375,Holmes County,7/4/2013,1200,Flash Flood,0,0,0,0,0,0,7/4/2013,1500
471406,Bay County,7/4/2013,1235,Flash Flood,0,0,0,0,0,0,7/4/2013,1900
471407,Bay County,7/4/2013,1350,Flash Flood,0,0,0,0,0,0,7/4/2013,1900
471410,Bay County,7/4/2013,1350,Flash Flood,0,0,0,0,0,0,7/4/2013,1900
471431,Washington County,7/4/2013,1600,Flood,0,0,18700000,0,0,0,7/6/2013,1900
471383,Bay County,7/4/2013,1600,Flash Flood,0,0,0,0,0,0,7/4/2013,1900
471424,Bay County,7/4/2013,1900,Flood,0,0,1000000,0,0,0,7/6/2013,1900
472047,Santa Rosa County,7/5/2013,1329,Flash Flood,0,0,0,0,0,0,7/5/2013,1529
472061,Santa Rosa County,7/5/2013,1558,Flash Flood,0,0,0,0,0,0,7/5/2013,1758
472065,Santa Rosa County,7/5/2013,1558,Flash Flood,0,0,0,0,0,0,7/5/2013,1758
471397,Bay County,7/6/2013,1348,Flash Flood,0,0,0,0,0,0,7/6/2013,1715
471398,Bay County,7/6/2013,1358,Flash Flood,0,0,0,0,0,0,7/6/2013,1715
472107,Santa Rosa County,7/22/2013,1745,Flash Flood,0,0,10000,0,0,0,7/22/2013,1845
472108,Santa Rosa County,7/22/2013,1921,Flash Flood,0,0,25000,0,0,0,7/22/2013,2030
472109,Santa Rosa County,7/22/2013,1921,Flash Flood,0,0,25000,0,0,0,7/22/2013,2030
475680,Bay County,8/1/2013,700,Flash Flood,0,0,0,0,0,0,8/1/2013,800
475681,Bay County,8/1/2013,700,Flash Flood,0,0,0,0,0,0,8/1/2013,800
475881,Bay County,8/17/2013,1100,Flash Flood,0,0,0,0,0,0,8/17/2013,1300
475861,Bay County,8/17/2013,1215,Flash Flood,0,0,0,0,0,0,8/17/2013,1630
475862,Bay County,8/17/2013,1215,Flash Flood,0,0,0,0,0,0,8/17/2013,1630
475863,Bay County,8/17/2013,1315,Flash Flood,0,0,0,0,0,0,8/17/2013,1630
475864,Bay County,8/17/2013,1415,Flash Flood,0,0,0,0,0,0,8/17/2013,1630
475865,Bay County,8/17/2013,1415,Flash Flood,0,0,0,0,0,0,8/17/2013,2230
475866,Bay County,8/17/2013,1530,Flash Flood,0,0,20000,0,0,0,8/17/2013,1630
475877,Walton County,8/18/2013,1020,Flood,0,0,500000,0,0,0,8/19/2013,1020
475878,Walton County,8/18/2013,1400,Flood,0,0,500000,0,0,0,8/19/2013,1400
475869,Walton County,8/18/2013,1400,Flash Flood,0,0,0,0,0,0,8/18/2013,1730
475870,Washington County,8/18/2013,1400,Flash Flood,0,0,5000000,0,0,0,8/18/2013,1730
475871,Walton County,8/18/2013,1500,Flash Flood,0,0,0,0,0,0,8/18/2013,1730
475872,Bay County,8/18/2013,1515,Flash Flood,0,0,0,0,0,0,8/18/2013,1730
475873,Washington County,8/18/2013,1530,Flash Flood,0,0,0,0,0,0,8/18/2013,1730
475874,Leon County,8/19/2013,2230,Flash Flood,0,0,0,0,0,0,8/19/2013,2315
475875,Leon County,8/19/2013,2245,Flash Flood,0,0,0,0,0,0,8/19/2013,2315
495563,Bay County,2/23/2014,742,Flash Flood,0,0,0,0,0,0,2/23/2014,900
495565,Bay County,2/23/2014,742,Flash Flood,0,0,0,0,0,0,2/23/2014,900
495566,Bay County,2/23/2014,742,Flash Flood,0,0,0,0,0,0,2/23/2014,900
495567,Bay County,2/23/2014,745,Flash Flood,0,0,0,0,0,0,2/23/2014,900
509340,Escambia County,3/28/2014,955,Flood,0,0,0,0,0,0,3/28/2014,1155
509337,Santa Rosa County,3/28/2014,1035,Flood,0,0,10000,0,0,0,3/28/2014,1235
516856,Escambia County,4/14/2014,2025,Flash Flood,0,0,0,0,0,0,4/14/2014,2225
515579,Washington County,4/15/2014,15,Flash Flood,0,0,0,0,0,0,4/15/2014,315
515590,Washington County,4/15/2014,45,Flash Flood,0,0,0,0,0,0,4/15/2014,315
515607,Walton County,4/15/2014,45,Flash Flood,0,0,0,0,0,0,4/15/2014,315
515589,Washington County,4/15/2014,45,Flash Flood,0,0,0,0,0,0,4/15/2014,315
515588,Washington County,4/15/2014,45,Flash Flood,0,0,0,0,0,0,4/15/2014,315
515587,Washington County,4/15/2014,45,Flash Flood,0,0,0,0,0,0,4/15/2014,315
515583,Washington County,4/15/2014,45,Flash Flood,0,0,0,0,0,0,4/15/2014,315
515580,Washington County,4/15/2014,45,Flash Flood,0,0,0,0,0,0,4/15/2014,315
515594,Washington County,4/15/2014,45,Flash Flood,0,0,0,0,0,0,4/15/2014,315
515593,Washington County,4/15/2014,45,Flash Flood,0,0,0,0,0,0,4/15/2014,315
515592,Washington County,4/15/2014,45,Flash Flood,0,0,0,0,0,0,4/15/2014,315
515591,Washington County,4/15/2014,45,Flash Flood,0,0,0,0,0,0,4/15/2014,315
515608,Walton County,4/15/2014,106,Flash Flood,0,0,0,0,0,0,4/15/2014,315
515609,Walton County,4/15/2014,108,Flash Flood,0,0,0,0,0,0,4/15/2014,315
515813,Leon County,4/15/2014,549,Flash Flood,0,0,0,0,0,0,4/15/2014,800
515815,Leon County,4/15/2014,620,Flash Flood,0,0,0,0,0,0,4/15/2014,800
515828,Leon County,4/15/2014,620,Flash Flood,0,0,0,0,0,0,4/15/2014,800
515822,Leon County,4/15/2014,620,Flash Flood,0,0,0,0,0,0,4/15/2014,800
515820,Leon County,4/15/2014,620,Flash Flood,0,0,0,0,0,0,4/15/2014,800
515817,Jefferson County,4/15/2014,620,Flash Flood,0,0,0,0,0,0,4/15/2014,800
515824,Leon County,4/15/2014,637,Flash Flood,0,0,0,0,0,0,4/15/2014,800
515558,Walton County,4/18/2014,1145,Flood,0,0,0,0,0,0,4/19/2014,0
515561,Walton County,4/18/2014,1145,Flood,0,0,0,0,0,0,4/19/2014,0
515560,Walton County,4/18/2014,1145,Flood,0,0,0,0,0,0,4/19/2014,0
515559,Walton County,4/18/2014,1145,Flood,0,0,0,0,0,0,4/19/2014,0
515562,Walton County,4/18/2014,1209,Flood,0,0,0,0,0,0,4/19/2014,0
515566,Walton County,4/18/2014,1209,Flood,0,0,0,0,0,0,4/19/2014,0
515565,Walton County,4/18/2014,1209,Flood,0,0,0,0,0,0,4/19/2014,0
515564,Walton County,4/18/2014,1209,Flood,0,0,0,0,0,0,4/19/2014,0
515563,Walton County,4/18/2014,1209,Flood,0,0,0,0,0,0,4/19/2014,0
515567,Walton County,4/18/2014,1320,Flood,0,0,0,0,0,0,4/19/2014,0
515570,Walton County,4/18/2014,1320,Flood,0,0,0,0,0,0,4/19/2014,0
515569,Walton County,4/18/2014,1320,Flood,0,0,0,0,0,0,4/19/2014,0
515568,Walton County,4/18/2014,1320,Flood,0,0,0,0,0,0,4/19/2014,0
515571,Walton County,4/18/2014,1345,Flood,0,0,0,0,0,0,4/19/2014,0
515573,Walton County,4/18/2014,1345,Flood,0,0,0,0,0,0,4/19/2014,0
515572,Walton County,4/18/2014,1345,Flood,0,0,0,0,0,0,4/19/2014,0
515574,Walton County,4/18/2014,1353,Flood,0,0,0,0,0,0,4/19/2014,0
515556,Holmes County,4/18/2014,1700,Flood,0,0,0,0,0,0,4/19/2014,0
515553,Holmes County,4/18/2014,1700,Flood,0,0,0,0,0,0,4/19/2014,0
515552,Holmes County,4/18/2014,1700,Flood,0,0,0,0,0,0,4/19/2014,0
515551,Holmes County,4/18/2014,1700,Flood,0,0,0,0,0,0,4/19/2014,0
515550,Holmes County,4/18/2014,1700,Flood,0,0,0,0,0,0,4/19/2014,0
515549,Holmes County,4/18/2014,1700,Flood,0,0,0,0,0,0,4/19/2014,0
515548,Holmes County,4/18/2014,1700,Flood,0,0,0,0,0,0,4/19/2014,0
515547,Holmes County,4/18/2014,1700,Flood,0,0,0,0,0,0,4/19/2014,0
515546,Holmes County,4/18/2014,1700,Flood,0,0,0,0,0,0,4/19/2014,0
515545,Holmes County,4/18/2014,1700,Flood,0,0,0,0,0,0,4/19/2014,0
515555,Holmes County,4/18/2014,1700,Flood,0,0,0,0,0,0,4/19/2014,0
515554,Holmes County,4/18/2014,1700,Flood,0,0,0,0,0,0,4/19/2014,0
515557,Holmes County,4/18/2014,1700,Flood,0,0,0,0,0,0,4/19/2014,0
516957,Escambia County,4/29/2014,1645,Flash Flood,1,0,150000000,0,0,0,4/30/2014,800
516956,Santa Rosa County,4/29/2014,2030,Flash Flood,0,0,16000000,0,0,0,4/30/2014,800
515929,Walton County,4/30/2014,0,Flash Flood,0,0,0,0,0,0,4/30/2014,600
515928,Walton County,4/30/2014,0,Flash Flood,0,0,0,0,0,0,4/30/2014,600
515926,Holmes County,4/30/2014,100,Flash Flood,0,0,0,0,0,0,4/30/2014,530
515931,Walton County,4/30/2014,118,Flash Flood,0,0,60000,0,0,0,4/30/2014,1300
515927,Holmes County,4/30/2014,119,Flash Flood,0,0,0,0,0,0,4/30/2014,530
515932,Walton County,4/30/2014,140,Flash Flood,0,0,0,0,0,0,4/30/2014,1300
515930,Walton County,4/30/2014,300,Flash Flood,0,0,0,0,0,0,4/30/2014,600
515919,Washington County,4/30/2014,430,Flash Flood,0,0,0,0,0,0,4/30/2014,615
515934,Walton County,4/30/2014,430,Flash Flood,0,0,0,0,0,0,4/30/2014,1300
515933,Walton County,4/30/2014,430,Flash Flood,0,0,0,0,0,0,4/30/2014,1300
515921,Bay County,4/30/2014,430,Flash Flood,0,0,0,0,0,0,4/30/2014,1000
515935,Walton County,4/30/2014,500,Flash Flood,0,0,0,0,0,0,4/30/2014,1300
515900,Bay County,4/30/2014,503,Flash Flood,0,0,0,0,0,0,4/30/2014,1000
515936,Walton County,4/30/2014,530,Flash Flood,0,0,100000,0,0,0,4/30/2014,1300
515462,Holmes County,4/30/2014,530,Flood,0,0,945000,0,0,0,4/30/2014,2359
515893,Calhoun County,4/30/2014,530,Flash Flood,0,0,0,0,0,0,4/30/2014,1100
515938,Walton County,4/30/2014,530,Flash Flood,0,0,0,0,0,0,4/30/2014,1300
515937,Walton County,4/30/2014,530,Flash Flood,0,0,0,0,0,0,4/30/2014,1300
515922,Bay County,4/30/2014,535,Flash Flood,0,0,0,0,0,0,4/30/2014,1000
515904,Bay County,4/30/2014,600,Flash Flood,0,0,0,0,0,0,4/30/2014,1000
515902,Bay County,4/30/2014,600,Flash Flood,0,0,0,0,0,0,4/30/2014,1000
515455,Walton County,4/30/2014,600,Flood,0,0,1760000,0,0,0,4/30/2014,2359
515939,Walton County,4/30/2014,600,Flash Flood,0,0,0,0,0,0,4/30/2014,1300
515467,Washington County,4/30/2014,615,Flood,0,0,2160000,0,0,0,4/30/2014,2359
515940,Walton County,4/30/2014,700,Flash Flood,0,0,0,0,0,0,4/30/2014,1300
515941,Walton County,4/30/2014,700,Flash Flood,0,0,0,0,0,0,4/30/2014,1300
515942,Walton County,4/30/2014,830,Flash Flood,0,0,0,0,0,0,4/30/2014,1300
515484,Calhoun County,4/30/2014,1000,Flood,0,0,3240000,0,0,0,4/30/2014,2359
515485,Bay County,4/30/2014,1000,Flood,0,0,1840000,0,0,0,4/30/2014,2359
515906,Gulf County,4/30/2014,1100,Flash Flood,0,0,0,0,0,0,4/30/2014,1300
515943,Walton County,4/30/2014,1130,Flash Flood,0,0,0,0,0,0,4/30/2014,1300
515383,Bay County,5/2/2014,0,Flood,0,0,5000000,0,0,0,5/3/2014,0
523115,Santa Rosa County,5/14/2014,1010,Flash Flood,0,0,0,0,0,0,5/14/2014,1200
509480,Walton County,5/29/2014,930,Flash Flood,0,0,0,0,0,0,5/29/2014,1130
509483,Walton County,5/29/2014,930,Flash Flood,0,0,0,0,0,0,5/29/2014,1130
509482,Walton County,5/29/2014,930,Flash Flood,0,0,0,0,0,0,5/29/2014,1130
509481,Walton County,5/29/2014,930,Flash Flood,0,0,0,0,0,0,5/29/2014,1130
509484,Walton County,5/29/2014,1400,Flood,0,0,0,0,0,0,5/29/2014,2100
509485,Walton County,5/29/2014,1400,Flood,0,0,0,0,0,0,5/29/2014,2100
536114,Washington County,9/16/2014,1525,Flash Flood,0,0,0,0,0,0,9/16/2014,1645
541826,Leon County,10/14/2014,1002,Flash Flood,0,0,0,0,0,0,10/14/2014,1130
541827,Leon County,10/14/2014,1020,Flash Flood,0,0,0,0,0,0,10/14/2014,1130
541828,Leon County,10/14/2014,1051,Flash Flood,0,0,0,0,0,0,10/14/2014,1130
548959,Leon County,12/23/2014,1911,Flash Flood,0,0,0,0,0,0,12/23/2014,2200
548960,Leon County,12/23/2014,1912,Flash Flood,0,0,0,0,0,0,12/23/2014,2200
548962,Leon County,12/23/2014,1925,Flash Flood,0,0,10000,0,0,0,12/23/2014,2200
548963,Leon County,12/23/2014,1925,Flash Flood,0,0,40000,0,0,0,12/23/2014,2200
548924,Wakulla County,12/23/2014,1925,Flash Flood,0,0,0,0,0,0,12/23/2014,2200
548961,Leon County,12/23/2014,1925,Flash Flood,0,0,40000,0,0,0,12/23/2014,2200
548964,Leon County,12/23/2014,1928,Flash Flood,0,0,0,0,0,0,12/23/2014,2200
548965,Leon County,12/23/2014,1937,Flash Flood,0,0,0,0,0,0,12/23/2014,2200
548966,Leon County,12/23/2014,1938,Flash Flood,0,0,10000,0,0,0,12/23/2014,2200
548923,Gadsden County,12/23/2014,1953,Flash Flood,0,0,0,0,0,0,12/23/2014,2200
548967,Leon County,12/23/2014,2005,Flash Flood,0,0,0,0,0,0,12/23/2014,2200
548936,Walton County,12/24/2014,200,Flash Flood,0,0,0,0,0,0,12/24/2014,400
548946,Walton County,12/24/2014,400,Flash Flood,0,0,0,0,0,0,12/24/2014,600
565657,Washington County,4/12/2015,1820,Flash Flood,0,0,0,0,0,0,4/12/2015,2030
600898,Santa Rosa County,9/28/2015,740,Flash Flood,0,0,0,0,0,0,9/28/2015,1200
600899,Santa Rosa County,9/28/2015,930,Flash Flood,0,0,0,0,0,0,9/28/2015,1200
601676,Walton County,9/28/2015,1815,Flash Flood,0,0,0,0,0,0,9/28/2015,2215
601677,Walton County,9/28/2015,1925,Flash Flood,0,0,0,0,0,0,9/28/2015,2215
601678,Walton County,9/28/2015,1925,Flash Flood,0,0,0,0,0,0,9/28/2015,1925
601679,Walton County,9/28/2015,1930,Flash Flood,0,0,0,0,0,0,9/28/2015,2215
601680,Walton County,9/28/2015,2012,Flash Flood,0,0,0,0,0,0,9/28/2015,2215
601681,Walton County,9/28/2015,2020,Flash Flood,0,0,25000,0,0,0,9/28/2015,2215
601682,Walton County,9/28/2015,2120,Flash Flood,0,0,0,0,0,0,9/28/2015,2215
601683,Walton County,9/28/2015,2120,Flash Flood,0,0,0,0,0,0,9/28/2015,2215
601684,Walton County,9/28/2015,2120,Flash Flood,0,0,0,0,0,0,9/28/2015,2215
601685,Walton County,9/28/2015,2145,Flash Flood,0,0,0,0,0,0,9/28/2015,2230
601689,Walton County,9/28/2015,2215,Flood,0,0,0,0,0,0,9/29/2015,2215
601686,Holmes County,9/28/2015,2334,Flash Flood,0,0,0,0,0,0,9/29/2015,15
601710,Walton County,11/1/2015,1800,Flash Flood,0,0,0,0,0,0,11/1/2015,1900
601712,Walton County,11/1/2015,1800,Flood,0,0,0,0,0,0,11/2/2015,1430
601715,Walton County,11/1/2015,2030,Flood,0,0,0,0,0,0,11/2/2015,1430
601716,Walton County,11/1/2015,2030,Flood,0,0,0,0,0,0,11/2/2015,1430
601711,Walton County,11/2/2015,715,Flash Flood,0,0,10000,0,0,0,11/2/2015,815
601750,Franklin County,11/8/2015,1205,Flash Flood,0,0,0,0,0,0,11/8/2015,1345
601755,Walton County,11/8/2015,1600,Flood,0,0,0,0,0,0,11/9/2015,1600
601757,Walton County,11/8/2015,1808,Flood,0,0,0,0,0,0,11/9/2015,1600
601758,Walton County,11/8/2015,1808,Flood,0,0,0,0,0,0,11/9/2015,1600
601749,Bay County,11/9/2015,230,Flood,0,0,75000,0,0,0,11/9/2015,1030
601762,Holmes County,11/9/2015,430,Flood,0,0,50000,0,0,0,11/10/2015,430
601770,Holmes County,11/9/2015,430,Flood,0,0,50000,0,0,0,11/10/2015,430
601769,Holmes County,11/9/2015,430,Flood,0,0,50000,0,0,0,11/10/2015,430
601768,Washington County,11/9/2015,430,Flood,0,0,50000,0,0,0,11/10/2015,430
601767,Holmes County,11/9/2015,430,Flood,0,0,50000,0,0,0,11/10/2015,430
601766,Holmes County,11/9/2015,430,Flood,0,0,50000,0,0,0,11/10/2015,430
601765,Holmes County,11/9/2015,430,Flood,0,0,50000,0,0,0,11/10/2015,430
601764,Holmes County,11/9/2015,430,Flood,0,0,50000,0,0,0,11/10/2015,430
601763,Holmes County,11/9/2015,430,Flood,0,0,50000,0,0,0,11/10/2015,430
601761,Holmes County,11/9/2015,430,Flood,0,0,50000,0,0,0,11/10/2015,430
601760,Holmes County,11/9/2015,430,Flood,0,0,50000,0,0,0,11/10/2015,430
601759,Washington County,11/9/2015,700,Flood,0,0,0,0,0,0,11/9/2015,1600
608585,Wakulla County,11/19/2015,500,Flash Flood,0,0,20000,0,0,0,11/19/2015,800
613489,Gulf County,1/1/2016,0,Flood,0,0,100000,0,0,0,1/7/2016,0
613489,Gulf County,1/1/2016,0,Flood,0,0,100000,0,0,0,1/7/2016,0
620585,Bay County,3/27/2016,1330,Flood,0,0,0,0,0,0,3/28/2016,1330
620580,Bay County,3/27/2016,1545,Flood,0,0,10000,0,0,0,3/28/2016,1545
620579,Bay County,3/27/2016,1630,Flood,0,0,0,0,0,0,3/28/2016,1630
620585,Bay County,3/27/2016,1330,Flood,0,0,0,0,0,0,3/28/2016,1330
620580,Bay County,3/27/2016,1545,Flood,0,0,10000,0,0,0,3/28/2016,1545
620579,Bay County,3/27/2016,1630,Flood,0,0,0,0,0,0,3/28/2016,1630
620636,Leon County,4/2/2016,0,Flood,0,0,0,0,0,0,4/2/2016,1200
624284,Walton County,4/2/2016,0,Flood,0,0,10000,0,0,0,4/4/2016,0
624275,Washington County,4/2/2016,0,Flood,0,0,0,0,0,0,4/4/2016,0
624273,Holmes County,4/2/2016,0,Flood,0,0,0,0,0,0,4/4/2016,0
620635,Leon County,4/2/2016,105,Flood,0,0,5000,0,0,0,4/2/2016,900
620636,Leon County,4/2/2016,0,Flood,0,0,0,0,0,0,4/2/2016,1200
624284,Walton County,4/2/2016,0,Flood,0,0,10000,0,0,0,4/4/2016,0
624275,Washington County,4/2/2016,0,Flood,0,0,0,0,0,0,4/4/2016,0
624273,Holmes County,4/2/2016,0,Flood,0,0,0,0,0,0,4/4/2016,0
620635,Leon County,4/2/2016,105,Flood,0,0,5000,0,0,0,4/2/2016,900
630636,Leon County,6/6/2016,1150,Flash Flood,0,0,0,0,0,0,6/6/2016,1500
630637,Leon County,6/6/2016,1200,Flash Flood,0,0,0,0,0,0,6/6/2016,1500
630638,Leon County,6/6/2016,1212,Flash Flood,0,0,0,0,0,0,6/6/2016,1500
630639,Leon County,6/6/2016,1244,Flood,0,0,0,0,0,0,6/6/2016,1244
630640,Leon County,6/6/2016,1330,Flood,0,0,0,0,0,0,6/6/2016,1330
630642,Leon County,6/6/2016,1330,Flash Flood,0,0,0,0,0,0,6/6/2016,1500
630641,Leon County,6/6/2016,1330,Flash Flood,0,0,0,0,0,0,6/6/2016,1500
630643,Leon County,6/6/2016,1700,Flood,0,0,0,0,0,0,6/6/2016,2000
630636,Leon County,6/6/2016,1150,Flash Flood,0,0,0,0,0,0,6/6/2016,1500
630637,Leon County,6/6/2016,1200,Flash Flood,0,0,0,0,0,0,6/6/2016,1500
630638,Leon County,6/6/2016,1212,Flash Flood,0,0,0,0,0,0,6/6/2016,1500
630639,Leon County,6/6/2016,1244,Flood,0,0,0,0,0,0,6/6/2016,1244
630640,Leon County,6/6/2016,1330,Flood,0,0,0,0,0,0,6/6/2016,1330
630641,Leon County,6/6/2016,1330,Flash Flood,0,0,0,0,0,0,6/6/2016,1500
630642,Leon County,6/6/2016,1330,Flash Flood,0,0,0,0,0,0,6/6/2016,1500
630643,Leon County,6/6/2016,1700,Flood,0,0,0,0,0,0,6/6/2016,2000
655929,Santa Rosa County,8/4/2016,608,Flash Flood,0,0,0,0,0,0,8/4/2016,808
655930,Escambia County,8/4/2016,645,Flash Flood,0,0,0,0,0,0,8/4/2016,845
655929,Santa Rosa County,8/4/2016,608,Flash Flood,0,0,0,0,0,0,8/4/2016,808
655930,Escambia County,8/4/2016,645,Flash Flood,0,0,0,0,0,0,8/4/2016,845
648110,Washington County,8/8/2016,1630,Flash Flood,0,0,3000,0,0,0,8/8/2016,1715
648112,Washington County,8/8/2016,1630,Flash Flood,0,0,0,0,0,0,8/8/2016,1715
648111,Washington County,8/8/2016,1630,Flash Flood,0,0,0,0,0,0,8/8/2016,1715
648110,Washington County,8/8/2016,1630,Flash Flood,0,0,3000,0,0,0,8/8/2016,1715
648112,Washington County,8/8/2016,1630,Flash Flood,0,0,0,0,0,0,8/8/2016,1715
648111,Washington County,8/8/2016,1630,Flash Flood,0,0,0,0,0,0,8/8/2016,1715
648104,Bay County,8/9/2016,1840,Flood,0,0,5000,0,0,0,8/10/2016,0
648105,Bay County,8/9/2016,1840,Flood,0,0,5000,0,0,0,8/10/2016,0
648108,Bay County,8/9/2016,1845,Flood,0,0,0,0,0,0,8/10/2016,0
648104,Bay County,8/9/2016,1840,Flood,0,0,5000,0,0,0,8/10/2016,0
648105,Bay County,8/9/2016,1840,Flood,0,0,5000,0,0,0,8/10/2016,0
648108,Bay County,8/9/2016,1845,Flood,0,0,0,0,0,0,8/10/2016,0
648114,Leon County,8/10/2016,1035,Flash Flood,0,0,0,0,0,0,8/10/2016,1130
648114,Leon County,8/10/2016,1035,Flash Flood,0,0,0,0,0,0,8/10/2016,1130
662255,Washington County,12/5/2016,1600,Flood,0,0,0,0,0,0,12/6/2016,1600
662244,Holmes County,12/5/2016,1600,Flood,0,0,0,0,0,0,12/6/2016,1600
662243,Holmes County,12/5/2016,1600,Flood,0,0,0,0,0,0,12/6/2016,1600
662245,Holmes County,12/5/2016,1600,Flood,0,0,0,0,0,0,12/6/2016,1600
662242,Holmes County,12/5/2016,1600,Flood,0,0,0,0,0,0,12/6/2016,1600
662237,Holmes County,12/5/2016,1600,Flood,0,0,0,0,0,0,12/6/2016,1600
662236,Holmes County,12/5/2016,1600,Flood,0,0,0,0,0,0,12/6/2016,1600
662238,Holmes County,12/5/2016,1600,Flood,0,0,0,0,0,0,12/6/2016,1600
662257,Washington County,12/5/2016,1600,Flood,0,0,0,0,0,0,12/6/2016,1600
662255,Washington County,12/5/2016,1600,Flood,0,0,0,0,0,0,12/6/2016,1600
662257,Washington County,12/5/2016,1600,Flood,0,0,0,0,0,0,12/6/2016,1600
662238,Holmes County,12/5/2016,1600,Flood,0,0,0,0,0,0,12/6/2016,1600
662236,Holmes County,12/5/2016,1600,Flood,0,0,0,0,0,0,12/6/2016,1600
662237,Holmes County,12/5/2016,1600,Flood,0,0,0,0,0,0,12/6/2016,1600
662242,Holmes County,12/5/2016,1600,Flood,0,0,0,0,0,0,12/6/2016,1600
662245,Holmes County,12/5/2016,1600,Flood,0,0,0,0,0,0,12/6/2016,1600
662243,Holmes County,12/5/2016,1600,Flood,0,0,0,0,0,0,12/6/2016,1600
662244,Holmes County,12/5/2016,1600,Flood,0,0,0,0,0,0,12/6/2016,1600
671769,Walton County,1/1/2017,1320,Flood,0,0,0,0,0,0,1/3/2017,2200
671770,Walton County,1/1/2017,1900,Flood,0,0,0,0,0,0,1/3/2017,2200
671780,Holmes County,1/1/2017,2005,Flood,0,0,0,0,0,0,1/3/2017,2200
671773,Holmes County,1/1/2017,2005,Flood,0,0,0,0,0,0,1/3/2017,2200
671772,Holmes County,1/1/2017,2005,Flood,0,0,0,0,0,0,1/3/2017,2200
671786,Holmes County,1/1/2017,2005,Flood,0,0,0,0,0,0,1/3/2017,2200
671785,Holmes County,1/1/2017,2005,Flood,0,0,0,0,0,0,1/3/2017,2200
671784,Holmes County,1/1/2017,2005,Flood,0,0,0,0,0,0,1/3/2017,2200
671779,Holmes County,1/1/2017,2005,Flood,0,0,0,0,0,0,1/3/2017,2200
671778,Holmes County,1/1/2017,2005,Flood,0,0,0,0,0,0,1/3/2017,2200
671777,Holmes County,1/1/2017,2005,Flood,0,0,0,0,0,0,1/3/2017,2200
671771,Holmes County,1/1/2017,2005,Flood,0,0,0,0,0,0,1/3/2017,2200
671776,Holmes County,1/1/2017,2005,Flood,0,0,0,0,0,0,1/3/2017,2200
671775,Holmes County,1/1/2017,2005,Flood,0,0,0,0,0,0,1/3/2017,2200
671774,Holmes County,1/1/2017,2005,Flood,0,0,0,0,0,0,1/3/2017,2200
671783,Holmes County,1/1/2017,2005,Flood,0,0,0,0,0,0,1/3/2017,2200
671782,Holmes County,1/1/2017,2005,Flood,0,0,0,0,0,0,1/3/2017,2200
671781,Holmes County,1/1/2017,2005,Flood,0,0,0,0,0,0,1/3/2017,2200
671787,Walton County,1/2/2017,1311,Flood,1,0,0,0,0,0,1/3/2017,2200
675545,Escambia County,1/2/2017,1716,Flash Flood,0,0,10000,0,0,0,1/2/2017,2200
701349,Leon County,6/6/2017,1230,Flash Flood,0,0,0,0,0,0,6/6/2017,1315
708943,Santa Rosa County,6/6/2017,2020,Flash Flood,0,0,0,0,0,0,6/7/2017,100
709319,Santa Rosa County,6/6/2017,2120,Flash Flood,0,0,0,0,0,0,6/7/2017,100
709323,Santa Rosa County,6/6/2017,2120,Flash Flood,0,0,0,0,0,0,6/7/2017,100
709321,Santa Rosa County,6/6/2017,2120,Flash Flood,0,0,0,0,0,0,6/7/2017,100
709320,Santa Rosa County,6/6/2017,2120,Flash Flood,0,0,0,0,0,0,6/7/2017,100
709621,Santa Rosa County,6/6/2017,2200,Flash Flood,0,0,250000,0,0,0,6/7/2017,100
709791,Santa Rosa County,6/6/2017,2200,Flash Flood,0,0,250000,0,0,0,6/7/2017,100
701350,Leon County,6/7/2017,1555,Flash Flood,0,0,0,0,0,0,6/7/2017,1715
701351,Leon County,6/7/2017,1615,Flash Flood,0,0,0,0,0,0,6/7/2017,1715
709797,Escambia County,6/13/2017,900,Flash Flood,0,0,100000,0,0,0,6/13/2017,1300
709900,Santa Rosa County,6/21/2017,130,Flash Flood,0,0,0,0,0,0,6/21/2017,1000
701352,Bay County,6/21/2017,900,Flash Flood,0,0,0,0,0,0,6/21/2017,1100
701353,Washington County,6/21/2017,915,Flash Flood,0,0,0,0,0,0,6/21/2017,1145
709902,Escambia County,6/21/2017,930,Flash Flood,0,0,0,0,0,0,6/21/2017,1100
701354,Walton County,6/22/2017,500,Flood,0,0,0,0,0,0,6/23/2017,500
701355,Walton County,6/22/2017,500,Flood,0,0,0,0,0,0,6/23/2017,500
701356,Walton County,6/22/2017,500,Flood,0,0,0,0,0,0,6/23/2017,500
701357,Walton County,6/22/2017,500,Flood,0,0,0,0,0,0,6/23/2017,500
710118,Santa Rosa County,6/30/2017,240,Flash Flood,0,0,0,0,0,0,6/30/2017,500
719459,Escambia County,8/30/2017,700,Flash Flood,0,0,0,0,0,0,8/30/2017,900
719460,Santa Rosa County,8/30/2017,720,Flash Flood,0,0,0,0,0,0,8/30/2017,1000
719456,Walton County,10/22/2017,2320,Flash Flood,0,0,0,0,0,0,10/23/2017,200
719457,Walton County,10/23/2017,0,Flash Flood,0,0,0,0,0,0,10/23/2017,200
736419,Walton County,2/11/2018,927,Flash Flood,0,0,0,0,0,0,2/11/2018,1045
736421,Walton County,2/11/2018,945,Flood,0,0,0,0,0,0,2/12/2018,400
736426,Walton County,2/11/2018,1510,Flood,0,0,0,0,0,0,2/12/2018,400
736427,Washington County,2/11/2018,1517,Flood,0,0,0,0,0,0,2/12/2018,400
736428,Washington County,2/11/2018,1519,Flood,0,0,0,0,0,0,2/12/2018,400
736430,Washington County,2/11/2018,1520,Flood,0,0,0,0,0,0,2/12/2018,400
736445,Washington County,2/11/2018,1522,Flood,0,0,0,0,0,0,2/12/2018,400
736447,Washington County,2/11/2018,1525,Flood,0,0,0,0,0,0,2/12/2018,400
736448,Walton County,2/11/2018,1555,Flood,0,0,0,0,0,0,2/12/2018,400
736450,Walton County,2/11/2018,1557,Flood,0,0,0,0,0,0,2/12/2018,400
736451,Walton County,2/11/2018,1612,Flood,0,0,0,0,0,0,2/12/2018,400
736452,Holmes County,2/11/2018,1645,Flood,0,0,0,0,0,0,2/12/2018,400
736453,Holmes County,2/11/2018,1647,Flood,0,0,0,0,0,0,2/12/2018,400
736454,Holmes County,2/11/2018,1649,Flood,0,0,0,0,0,0,2/12/2018,400
736455,Holmes County,2/11/2018,1651,Flood,0,0,0,0,0,0,2/12/2018,400
736456,Holmes County,2/11/2018,1652,Flood,0,0,3000,0,0,0,2/12/2018,400
752850,Wakulla County,5/21/2018,700,Flash Flood,0,0,0,0,0,0,5/21/2018,845
759484,Walton County,5/28/2018,1500,Flash Flood,0,0,0,0,0,0,5/28/2018,1600
759485,Walton County,5/28/2018,1500,Flash Flood,0,0,0,0,0,0,5/28/2018,1600
766127,Bay County,8/13/2018,1545,Flash Flood,0,0,1000,0,0,0,8/13/2018,1615
785170,Escambia County,9/5/2018,800,Flash Flood,0,0,0,0,0,0,9/5/2018,1300
785171,Escambia County,9/5/2018,900,Flash Flood,0,0,0,0,0,0,9/5/2018,1300
785172,Escambia County,9/5/2018,1000,Flash Flood,0,0,0,0,0,0,9/5/2018,1300
785173,Escambia County,9/5/2018,1000,Flash Flood,0,0,0,0,0,0,9/5/2018,1300
779581,Bay County,10/10/2018,1600,Flash Flood,0,0,0,0,0,0,10/10/2018,1945
797886,Escambia County,12/1/2018,1340,Flash Flood,0,0,0,0,0,0,12/1/2018,1900
797887,Santa Rosa County,12/1/2018,1430,Flash Flood,0,0,10000,0,0,0,12/1/2018,1800
788599,Gadsden County,12/1/2018,1756,Flood,0,0,0,0,0,0,12/1/2018,2100
788600,Holmes County,12/1/2018,1913,Flash Flood,0,0,10000,0,0,0,12/1/2018,2215
788606,Gadsden County,12/2/2018,1900,Flood,0,0,0,0,0,0,12/3/2018,700
792077,Leon County,12/14/2018,1112,Flood,0,0,0,0,0,0,12/14/2018,1500
792078,Leon County,12/14/2018,1112,Flood,0,0,0,0,0,0,12/14/2018,1500
792079,Calhoun County,12/15/2018,1200,Flood,0,0,0,0,0,0,12/15/2018,1200
803200,Holmes County,1/23/2019,2000,Flood,0,0,0,0,0,0,1/23/2019,2100
850041,Gadsden County,8/18/2019,1425,Flash Flood,0,0,0,0,0,0,8/18/2019,1615
850045,Gulf County,8/18/2019,2100,Flash Flood,0,0,0,0,0,0,8/18/2019,2245
850046,Bay County,8/18/2019,2145,Flash Flood,0,0,0,0,0,0,8/18/2019,2245
850047,Bay County,8/19/2019,500,Flash Flood,0,0,0,0,0,0,8/19/2019,530
850048,Bay County,8/19/2019,629,Flash Flood,0,0,0,0,0,0,8/19/2019,730
850049,Bay County,8/19/2019,840,Flash Flood,0,0,0,0,0,0,8/19/2019,1130
850050,Bay County,8/19/2019,845,Flash Flood,0,0,0,0,0,0,8/19/2019,1130
878592,Santa Rosa County,2/5/2020,1429,Flash Flood,0,0,0,0,0,0,2/5/2020,1600
878595,Santa Rosa County,2/5/2020,1429,Flash Flood,0,0,0,0,0,0,2/5/2020,1600
878593,Santa Rosa County,2/5/2020,1429,Flash Flood,0,0,0,0,0,0,2/5/2020,1600
878592,Santa Rosa County,2/5/2020,1429,Flash Flood,0,0,0,0,0,0,2/5/2020,1600
878595,Santa Rosa County,2/5/2020,1429,Flash Flood,0,0,0,0,0,0,2/5/2020,1600
878593,Santa Rosa County,2/5/2020,1429,Flash Flood,0,0,0,0,0,0,2/5/2020,1600
889888,Holmes County,4/23/2020,1550,Flash Flood,0,0,0,0,0,0,4/23/2020,1745
889888,Holmes County,4/23/2020,1550,Flash Flood,0,0,0,0,0,0,4/23/2020,1745
902200,Bay County,6/2/2020,1430,Flash Flood,0,0,0,0,0,0,6/2/2020,1630
902201,Bay County,6/2/2020,1529,Flash Flood,0,0,0,0,0,0,6/2/2020,1630
902200,Bay County,6/2/2020,1430,Flash Flood,0,0,0,0,0,0,6/2/2020,1630
902201,Bay County,6/2/2020,1529,Flash Flood,0,0,0,0,0,0,6/2/2020,1630
902198,Liberty County,6/9/2020,1615,Flash Flood,0,0,0,0,0,0,6/9/2020,1830
902199,Liberty County,6/9/2020,1641,Flash Flood,0,0,0,0,0,0,6/9/2020,1830
902198,Liberty County,6/9/2020,1615,Flash Flood,0,0,0,0,0,0,6/9/2020,1830
902199,Liberty County,6/9/2020,1641,Flash Flood,0,0,0,0,0,0,6/9/2020,1830
915649,Bay County,8/14/2020,305,Flash Flood,0,0,0,0,0,0,8/14/2020,700
915649,Bay County,8/14/2020,305,Flash Flood,0,0,0,0,0,0,8/14/2020,700
915682,Franklin County,8/23/2020,1410,Flash Flood,0,0,0,0,0,0,8/23/2020,1545
915682,Franklin County,8/23/2020,1410,Flash Flood,0,0,0,0,0,0,8/23/2020,1545
915687,Bay County,8/24/2020,1519,Flash Flood,0,0,0,0,0,0,8/24/2020,1745
915689,Bay County,8/24/2020,1555,Flash Flood,0,0,0,0,0,0,8/24/2020,1745
915692,Bay County,8/24/2020,1556,Flash Flood,0,0,0,0,0,0,8/24/2020,1745
915694,Holmes County,8/24/2020,1730,Flash Flood,0,0,0,0,0,0,8/24/2020,1830
915687,Bay County,8/24/2020,1519,Flash Flood,0,0,0,0,0,0,8/24/2020,1745
915689,Bay County,8/24/2020,1555,Flash Flood,0,0,0,0,0,0,8/24/2020,1745
915692,Bay County,8/24/2020,1556,Flash Flood,0,0,0,0,0,0,8/24/2020,1745
915694,Holmes County,8/24/2020,1730,Flash Flood,0,0,0,0,0,0,8/24/2020,1830
920428,Bay County,9/15/2020,1300,Flash Flood,0,0,0,0,0,0,9/16/2020,1600
920429,Bay County,9/15/2020,1510,Flash Flood,0,0,0,0,0,0,9/16/2020,1600
920430,Bay County,9/15/2020,1524,Flash Flood,0,0,0,0,0,0,9/16/2020,1600
920431,Bay County,9/15/2020,1527,Flash Flood,0,0,0,0,0,0,9/16/2020,1600
920432,Bay County,9/15/2020,1532,Flash Flood,0,0,0,0,0,0,9/16/2020,1600
920433,Bay County,9/15/2020,1540,Flash Flood,0,0,0,0,0,0,9/16/2020,1600
920585,Bay County,9/15/2020,1545,Flash Flood,0,0,0,0,0,0,9/16/2020,1600
922517,Walton County,9/15/2020,1625,Flash Flood,0,0,0,0,0,0,9/16/2020,930
922518,Walton County,9/15/2020,1634,Flash Flood,0,0,0,0,0,0,9/16/2020,930
922519,Walton County,9/15/2020,1636,Flash Flood,0,0,0,0,0,0,9/16/2020,930
922520,Walton County,9/15/2020,1638,Flash Flood,0,0,0,0,0,0,9/16/2020,930
922521,Walton County,9/15/2020,1640,Flash Flood,0,0,0,0,0,0,9/16/2020,930
922522,Walton County,9/15/2020,1641,Flash Flood,0,0,0,0,0,0,9/16/2020,930
922523,Walton County,9/15/2020,1643,Flash Flood,0,0,0,0,0,0,9/16/2020,930
922525,Walton County,9/15/2020,1644,Flash Flood,0,0,0,0,0,0,9/16/2020,930
922526,Walton County,9/15/2020,1647,Flash Flood,0,0,0,0,0,0,9/16/2020,930
922527,Walton County,9/15/2020,1652,Flash Flood,0,0,0,0,0,0,9/16/2020,930
922529,Walton County,9/15/2020,1655,Flash Flood,0,0,0,0,0,0,9/16/2020,930
921346,Escambia County,9/15/2020,1907,Flash Flood,0,0,0,0,0,0,9/16/2020,1600
921349,Escambia County,9/15/2020,2200,Flash Flood,0,0,0,0,0,0,9/16/2020,1600
921370,Santa Rosa County,9/15/2020,2200,Flash Flood,0,0,0,0,0,0,9/16/2020,1145
920428,Bay County,9/15/2020,1300,Flash Flood,0,0,0,0,0,0,9/16/2020,1600
920429,Bay County,9/15/2020,1510,Flash Flood,0,0,0,0,0,0,9/16/2020,1600
920430,Bay County,9/15/2020,1524,Flash Flood,0,0,0,0,0,0,9/16/2020,1600
920431,Bay County,9/15/2020,1527,Flash Flood,0,0,0,0,0,0,9/16/2020,1600
920432,Bay County,9/15/2020,1532,Flash Flood,0,0,0,0,0,0,9/16/2020,1600
920433,Bay County,9/15/2020,1540,Flash Flood,0,0,0,0,0,0,9/16/2020,1600
920585,Bay County,9/15/2020,1545,Flash Flood,0,0,0,0,0,0,9/16/2020,1600
922517,Walton County,9/15/2020,1625,Flash Flood,0,0,0,0,0,0,9/16/2020,930
922518,Walton County,9/15/2020,1634,Flash Flood,0,0,0,0,0,0,9/16/2020,930
922519,Walton County,9/15/2020,1636,Flash Flood,0,0,0,0,0,0,9/16/2020,930
922520,Walton County,9/15/2020,1638,Flash Flood,0,0,0,0,0,0,9/16/2020,930
922521,Walton County,9/15/2020,1640,Flash Flood,0,0,0,0,0,0,9/16/2020,930
922522,Walton County,9/15/2020,1641,Flash Flood,0,0,0,0,0,0,9/16/2020,930
922523,Walton County,9/15/2020,1643,Flash Flood,0,0,0,0,0,0,9/16/2020,930
922525,Walton County,9/15/2020,1644,Flash Flood,0,0,0,0,0,0,9/16/2020,930
922526,Walton County,9/15/2020,1647,Flash Flood,0,0,0,0,0,0,9/16/2020,930
922527,Walton County,9/15/2020,1652,Flash Flood,0,0,0,0,0,0,9/16/2020,930
922529,Walton County,9/15/2020,1655,Flash Flood,0,0,0,0,0,0,9/16/2020,930
921346,Escambia County,9/15/2020,1907,Flash Flood,0,0,0,0,0,0,9/16/2020,1600
921349,Escambia County,9/15/2020,2200,Flash Flood,0,0,0,0,0,0,9/16/2020,1600
921370,Santa Rosa County,9/15/2020,2200,Flash Flood,0,0,0,0,0,0,9/16/2020,1145
922540,Bay County,9/16/2020,500,Flash Flood,0,0,1000000,0,0,0,9/16/2020,1700
922530,Walton County,9/16/2020,646,Flash Flood,0,0,0,0,0,0,9/16/2020,1700
922531,Walton County,9/16/2020,719,Flash Flood,0,0,0,0,0,0,9/16/2020,1700
920601,Gulf County,9/16/2020,723,Flash Flood,0,0,0,0,0,0,9/16/2020,1800
920586,Bay County,9/16/2020,738,Flash Flood,0,0,0,0,0,0,9/16/2020,1600
920587,Bay County,9/16/2020,747,Flash Flood,0,0,0,0,0,0,9/16/2020,1600
920588,Bay County,9/16/2020,752,Flash Flood,0,0,0,0,0,0,9/16/2020,1600
920589,Bay County,9/16/2020,756,Flash Flood,0,0,0,0,0,0,9/16/2020,1600
920594,Washington County,9/16/2020,801,Flash Flood,0,0,0,0,0,0,9/16/2020,1800
922532,Walton County,9/16/2020,804,Flash Flood,0,0,0,0,0,0,9/16/2020,1700
920595,Washington County,9/16/2020,808,Flash Flood,0,0,0,0,0,0,9/16/2020,1800
920596,Washington County,9/16/2020,812,Flash Flood,0,0,0,0,0,0,9/16/2020,1800
920597,Calhoun County,9/16/2020,853,Flash Flood,0,0,1000000,0,0,0,9/16/2020,1800
922533,Walton County,9/16/2020,911,Flash Flood,0,0,0,0,0,0,9/16/2020,1700
920590,Bay County,9/16/2020,914,Flash Flood,0,0,0,0,0,0,9/16/2020,1600
920614,Holmes County,9/16/2020,1010,Flash Flood,0,0,0,0,0,0,9/16/2020,2000
922535,Walton County,9/16/2020,1032,Flash Flood,0,0,0,0,0,0,9/16/2020,1700
920591,Bay County,9/16/2020,1035,Flash Flood,0,0,0,0,0,0,9/16/2020,1600
920604,Liberty County,9/16/2020,1104,Flash Flood,0,0,0,0,0,0,9/16/2020,1800
920605,Liberty County,9/16/2020,1106,Flash Flood,0,0,0,0,0,0,9/16/2020,1800
920592,Bay County,9/16/2020,1113,Flash Flood,0,0,0,0,0,0,9/16/2020,1600
922536,Walton County,9/16/2020,1200,Flash Flood,0,0,11000000,0,0,0,9/16/2020,2100
922539,Washington County,9/16/2020,1200,Flash Flood,0,0,18500000,0,0,0,9/16/2020,2000
920598,Calhoun County,9/16/2020,1226,Flash Flood,0,0,0,0,0,0,9/16/2020,1800
920593,Bay County,9/16/2020,1233,Flash Flood,0,0,0,0,0,0,9/16/2020,1600
920602,Gulf County,9/16/2020,1312,Flash Flood,0,0,0,0,0,0,9/16/2020,1800
920599,Calhoun County,9/16/2020,1317,Flash Flood,0,0,0,0,0,0,9/16/2020,1800
920603,Gulf County,9/16/2020,1349,Flash Flood,0,0,0,0,0,0,9/16/2020,1349
920615,Holmes County,9/16/2020,1440,Flash Flood,0,0,0,0,0,0,9/16/2020,2000
920616,Holmes County,9/16/2020,1442,Flash Flood,0,0,0,0,0,0,9/16/2020,2000
920617,Holmes County,9/16/2020,1445,Flash Flood,0,0,0,0,0,0,9/16/2020,2000
920618,Holmes County,9/16/2020,1448,Flash Flood,0,0,0,0,0,0,9/16/2020,2000
920607,Leon County,9/16/2020,1452,Flash Flood,0,0,0,0,0,0,9/16/2020,1800
920619,Holmes County,9/16/2020,1500,Flash Flood,0,0,8500000,0,0,0,9/16/2020,2000
920609,Wakulla County,9/16/2020,1537,Flash Flood,0,0,0,0,0,0,9/16/2020,1700
920600,Gadsden County,9/16/2020,1553,Flash Flood,0,0,0,0,0,0,9/16/2020,1800
920608,Jefferson County,9/16/2020,1735,Flash Flood,0,0,0,0,0,0,9/16/2020,1900
922540,Bay County,9/16/2020,500,Flash Flood,0,0,1000000,0,0,0,9/16/2020,1700
922530,Walton County,9/16/2020,646,Flash Flood,0,0,0,0,0,0,9/16/2020,1700
922531,Walton County,9/16/2020,719,Flash Flood,0,0,0,0,0,0,9/16/2020,1700
920601,Gulf County,9/16/2020,723,Flash Flood,0,0,0,0,0,0,9/16/2020,1800
920586,Bay County,9/16/2020,738,Flash Flood,0,0,0,0,0,0,9/16/2020,1600
920587,Bay County,9/16/2020,747,Flash Flood,0,0,0,0,0,0,9/16/2020,1600
920588,Bay County,9/16/2020,752,Flash Flood,0,0,0,0,0,0,9/16/2020,1600
920589,Bay County,9/16/2020,756,Flash Flood,0,0,0,0,0,0,9/16/2020,1600
920594,Washington County,9/16/2020,801,Flash Flood,0,0,0,0,0,0,9/16/2020,1800
922532,Walton County,9/16/2020,804,Flash Flood,0,0,0,0,0,0,9/16/2020,1700
920595,Washington County,9/16/2020,808,Flash Flood,0,0,0,0,0,0,9/16/2020,1800
920596,Washington County,9/16/2020,812,Flash Flood,0,0,0,0,0,0,9/16/2020,1800
920597,Calhoun County,9/16/2020,853,Flash Flood,0,0,1000000,0,0,0,9/16/2020,1800
922533,Walton County,9/16/2020,911,Flash Flood,0,0,0,0,0,0,9/16/2020,1700
920590,Bay County,9/16/2020,914,Flash Flood,0,0,0,0,0,0,9/16/2020,1600
920614,Holmes County,9/16/2020,1010,Flash Flood,0,0,0,0,0,0,9/16/2020,2000
922535,Walton County,9/16/2020,1032,Flash Flood,0,0,0,0,0,0,9/16/2020,1700
920591,Bay County,9/16/2020,1035,Flash Flood,0,0,0,0,0,0,9/16/2020,1600
920604,Liberty County,9/16/2020,1104,Flash Flood,0,0,0,0,0,0,9/16/2020,1800
920605,Liberty County,9/16/2020,1106,Flash Flood,0,0,0,0,0,0,9/16/2020,1800
920592,Bay County,9/16/2020,1113,Flash Flood,0,0,0,0,0,0,9/16/2020,1600
922536,Walton County,9/16/2020,1200,Flash Flood,0,0,11000000,0,0,0,9/16/2020,2100
922539,Washington County,9/16/2020,1200,Flash Flood,0,0,18500000,0,0,0,9/16/2020,2000
920598,Calhoun County,9/16/2020,1226,Flash Flood,0,0,0,0,0,0,9/16/2020,1800
920593,Bay County,9/16/2020,1233,Flash Flood,0,0,0,0,0,0,9/16/2020,1600
920602,Gulf County,9/16/2020,1312,Flash Flood,0,0,0,0,0,0,9/16/2020,1800
920599,Calhoun County,9/16/2020,1317,Flash Flood,0,0,0,0,0,0,9/16/2020,1800
920603,Gulf County,9/16/2020,1349,Flash Flood,0,0,0,0,0,0,9/16/2020,1349
920615,Holmes County,9/16/2020,1440,Flash Flood,0,0,0,0,0,0,9/16/2020,2000
920616,Holmes County,9/16/2020,1442,Flash Flood,0,0,0,0,0,0,9/16/2020,2000
920617,Holmes County,9/16/2020,1445,Flash Flood,0,0,0,0,0,0,9/16/2020,2000
920618,Holmes County,9/16/2020,1448,Flash Flood,0,0,0,0,0,0,9/16/2020,2000
920607,Leon County,9/16/2020,1452,Flash Flood,0,0,0,0,0,0,9/16/2020,1800
920619,Holmes County,9/16/2020,1500,Flash Flood,0,0,8500000,0,0,0,9/16/2020,2000
920609,Wakulla County,9/16/2020,1537,Flash Flood,0,0,0,0,0,0,9/16/2020,1700
920600,Gadsden County,9/16/2020,1553,Flash Flood,0,0,0,0,0,0,9/16/2020,1800
920608,Jefferson County,9/16/2020,1735,Flash Flood,0,0,0,0,0,0,9/16/2020,1900
920412,Franklin County,9/27/2020,1300,Flash Flood,0,0,0,0,0,0,9/27/2020,1500
920413,Franklin County,9/27/2020,1400,Flash Flood,0,0,0,0,0,0,9/27/2020,1500
920412,Franklin County,9/27/2020,1300,Flash Flood,0,0,0,0,0,0,9/27/2020,1500
920413,Franklin County,9/27/2020,1400,Flash Flood,0,0,0,0,0,0,9/27/2020,1500
923909,Santa Rosa County,10/10/2020,1005,Flash Flood,0,0,0,0,0,0,10/10/2020,1200
923909,Santa Rosa County,10/10/2020,1005,Flash Flood,0,0,0,0,0,0,10/10/2020,1200
922928,Bay County,10/24/2020,1245,Flash Flood,0,0,0,0,0,0,10/24/2020,1330
922928,Bay County,10/24/2020,1245,Flash Flood,0,0,0,0,0,0,10/24/2020,1330
936499,Jefferson County,1/2/2021,852,Flash Flood,0,0,0,0,0,0,1/2/2021,1330
936500,Bay County,1/2/2021,1315,Flash Flood,0,0,0,0,0,0,1/2/2021,1415
942808,Bay County,2/9/2021,1007,Flood,0,0,0,0,0,0,2/9/2021,1200
953878,Walton County,4/9/2021,930,Flash Flood,0,0,0,0,0,0,4/9/2021,1130
953881,Bay County,4/9/2021,1045,Flash Flood,0,0,0,0,0,0,4/9/2021,1215
953879,Bay County,4/9/2021,1048,Flash Flood,0,0,0,0,0,0,4/9/2021,1130
953882,Bay County,4/9/2021,1100,Flash Flood,0,0,0,0,0,0,4/9/2021,1215
953883,Bay County,4/9/2021,1101,Flash Flood,0,0,0,0,0,0,4/9/2021,1215
956807,Santa Rosa County,4/10/2021,630,Flash Flood,0,0,0,0,0,0,4/10/2021,830
955060,Holmes County,4/24/2021,919,Flash Flood,0,0,0,0,0,0,4/24/2021,1145
955065,Holmes County,4/24/2021,919,Flash Flood,0,0,0,0,0,0,4/24/2021,1145
955064,Holmes County,4/24/2021,919,Flash Flood,0,0,0,0,0,0,4/24/2021,1145
955063,Holmes County,4/24/2021,919,Flash Flood,0,0,0,0,0,0,4/24/2021,1145
955062,Holmes County,4/24/2021,919,Flash Flood,0,0,0,0,0,0,4/24/2021,1145
955061,Holmes County,4/24/2021,919,Flash Flood,0,0,0,0,0,0,4/24/2021,1145
955066,Walton County,4/24/2021,1013,Flash Flood,0,0,0,0,0,0,4/24/2021,1145
955067,Walton County,4/24/2021,1015,Flash Flood,0,0,0,0,0,0,4/24/2021,1145
955071,Walton County,4/24/2021,1045,Flash Flood,0,0,0,0,0,0,4/24/2021,1145
955072,Walton County,4/24/2021,1045,Flash Flood,0,0,0,0,0,0,4/24/2021,1145
955070,Holmes County,4/24/2021,1345,Flash Flood,0,0,0,0,0,0,4/24/2021,1445
971779,Escambia County,6/19/2021,700,Flash Flood,0,0,0,0,0,0,6/19/2021,1100
971759,Escambia County,6/19/2021,700,Flash Flood,0,0,0,0,0,0,6/19/2021,1100
971765,Santa Rosa County,6/19/2021,700,Flash Flood,0,0,0,0,0,0,6/19/2021,1100
971741,Escambia County,6/19/2021,700,Flash Flood,0,0,0,0,0,0,6/19/2021,1000
967794,Gulf County,6/22/2021,530,Flood,0,0,0,0,0,0,6/22/2021,900
967797,Bay County,6/22/2021,554,Flood,0,0,0,0,0,0,6/22/2021,900
967795,Leon County,6/22/2021,648,Flood,0,0,0,0,0,0,6/22/2021,900
971315,Holmes County,7/12/2021,2000,Flood,0,0,0,0,0,0,7/12/2021,2300
971313,Walton County,7/12/2021,2059,Flood,0,0,0,0,0,0,7/12/2021,2300
971314,Holmes County,7/12/2021,2101,Flood,0,0,0,0,0,0,7/12/2021,2300
971312,Leon County,7/18/2021,1655,Flash Flood,0,0,0,0,0,0,7/18/2021,1730
980929,Bay County,8/16/2021,1430,Flash Flood,0,0,0,0,0,0,8/16/2021,1900
980934,Washington County,8/16/2021,1545,Flash Flood,0,0,0,0,0,0,8/16/2021,1900
980937,Washington County,8/16/2021,1545,Flash Flood,0,0,0,0,0,0,8/16/2021,1900
980945,Bay County,8/16/2021,1600,Flash Flood,0,0,0,0,0,0,8/16/2021,1900
980942,Bay County,8/16/2021,1600,Flash Flood,0,0,0,0,0,0,8/16/2021,1900
980940,Bay County,8/16/2021,1600,Flash Flood,0,0,0,0,0,0,8/16/2021,1900
980947,Bay County,8/16/2021,1600,Flash Flood,0,0,0,0,0,0,8/16/2021,1900
980946,Bay County,8/16/2021,1600,Flash Flood,0,0,100000,0,0,0,8/16/2021,1900
981019,Washington County,8/16/2021,1615,Flash Flood,0,0,0,0,0,0,8/16/2021,1900
981020,Bay County,8/16/2021,1652,Flash Flood,0,0,0,0,0,0,8/16/2021,1900
981021,Calhoun County,8/16/2021,1655,Flash Flood,0,0,0,0,0,0,8/16/2021,1900
981023,Washington County,8/16/2021,1658,Flash Flood,0,0,0,0,0,0,8/16/2021,1900
981024,Holmes County,8/16/2021,1703,Flash Flood,0,0,0,0,0,0,8/16/2021,2000
981026,Washington County,8/16/2021,1703,Flash Flood,0,0,0,0,0,0,8/16/2021,1900
981215,Washington County,8/16/2021,1745,Flash Flood,0,0,0,0,0,0,8/16/2021,1900
981027,Calhoun County,8/16/2021,1749,Flash Flood,0,0,0,0,0,0,8/16/2021,2000
981028,Calhoun County,8/16/2021,1753,Flash Flood,0,0,0,0,0,0,8/16/2021,2000
981029,Washington County,8/16/2021,1754,Flash Flood,0,0,0,0,0,0,8/16/2021,1900
981030,Holmes County,8/16/2021,1800,Flash Flood,0,0,0,0,0,0,8/16/2021,2000
981031,Calhoun County,8/16/2021,1800,Flash Flood,0,0,0,0,0,0,8/16/2021,1900
981157,Washington County,8/16/2021,1825,Flash Flood,0,0,0,0,0,0,8/16/2021,2000
981161,Washington County,8/16/2021,1830,Flash Flood,0,0,0,0,0,0,8/16/2021,2030
981162,Washington County,8/16/2021,1830,Flash Flood,0,0,0,0,0,0,8/16/2021,2030
981163,Washington County,8/16/2021,1839,Flash Flood,0,0,0,0,0,0,8/16/2021,2030
981211,Washington County,8/16/2021,1841,Flash Flood,0,0,0,0,0,0,8/16/2021,2015
981212,Washington County,8/16/2021,1845,Flash Flood,0,0,0,0,0,0,8/16/2021,2015
981217,Washington County,8/16/2021,1845,Flash Flood,0,0,0,0,0,0,8/16/2021,2015
981218,Washington County,8/16/2021,1845,Flash Flood,0,0,0,0,0,0,8/16/2021,2015
981216,Washington County,8/16/2021,1845,Flash Flood,0,0,0,0,0,0,8/16/2021,2015
981214,Washington County,8/16/2021,1845,Flash Flood,0,0,0,0,0,0,8/16/2021,2015
981213,Washington County,8/16/2021,1845,Flash Flood,0,0,0,0,0,0,8/16/2021,1845
981219,Washington County,8/16/2021,1900,Flash Flood,0,0,0,0,0,0,8/16/2021,2015
981220,Washington County,8/16/2021,1900,Flash Flood,0,0,0,0,0,0,8/16/2021,2015
981223,Washington County,8/16/2021,2000,Flood,0,0,11500000,0,0,0,8/17/2021,600
981224,Bay County,8/16/2021,2000,Flood,0,0,722000,0,0,0,8/17/2021,600
981519,Escambia County,8/29/2021,1541,Flash Flood,0,0,0,0,0,0,8/29/2021,2130
979564,Bay County,8/31/2021,1134,Flash Flood,0,0,0,0,0,0,8/31/2021,1345
982144,Bay County,9/8/2021,1710,Flash Flood,0,0,0,0,0,0,9/8/2021,2030
982145,Bay County,9/8/2021,1900,Flash Flood,0,0,0,0,0,0,9/8/2021,2030
982146,Leon County,9/9/2021,22,Flash Flood,0,0,0,0,0,0,9/9/2021,130
982147,Bay County,9/11/2021,1603,Flash Flood,0,0,0,0,0,0,9/11/2021,1645
987295,Escambia County,9/15/2021,1430,Flash Flood,0,0,0,0,0,0,9/15/2021,1800
987300,Santa Rosa County,9/16/2021,1340,Flash Flood,0,0,0,0,0,0,9/16/2021,1630
982149,Leon County,9/21/2021,1459,Flash Flood,0,0,0,0,0,0,9/21/2021,1545
982150,Leon County,9/21/2021,1500,Flash Flood,0,0,0,0,0,0,9/21/2021,1545
985952,Walton County,10/4/2021,800,Flash Flood,0,0,0,0,0,0,10/4/2021,1600
989707,Santa Rosa County,10/4/2021,845,Flash Flood,0,0,0,0,0,0,10/4/2021,1300
989708,Escambia County,10/5/2021,0,Flash Flood,0,0,0,0,0,0,10/5/2021,430
985953,Bay County,10/5/2021,515,Flash Flood,0,0,0,0,0,0,10/5/2021,645
985954,Bay County,10/7/2021,425,Flash Flood,0,0,0,0,0,0,10/7/2021,530
985955,Bay County,10/7/2021,430,Flash Flood,0,0,0,0,0,0,10/7/2021,715
985959,Bay County,10/7/2021,500,Flash Flood,0,0,0,0,0,0,10/7/2021,530
985956,Washington County,10/7/2021,507,Flash Flood,0,0,0,0,0,0,10/7/2021,715
985957,Bay County,10/7/2021,529,Flash Flood,0,0,0,0,0,0,10/7/2021,715
985958,Bay County,10/7/2021,530,Flash Flood,0,0,0,0,0,0,10/7/2021,600
985960,Bay County,10/7/2021,540,Flash Flood,0,0,0,0,0,0,10/7/2021,715
985961,Bay County,10/7/2021,545,Flash Flood,0,0,0,0,0,0,10/7/2021,745
985962,Bay County,10/7/2021,545,Flash Flood,0,0,0,0,0,0,10/7/2021,715
985963,Bay County,10/7/2021,552,Flash Flood,0,0,0,0,0,0,10/7/2021,745
985964,Bay County,10/7/2021,600,Flash Flood,0,0,0,0,0,0,10/7/2021,745
985981,Bay County,10/7/2021,600,Flash Flood,0,0,0,0,0,0,10/7/2021,715
985980,Bay County,10/7/2021,600,Flash Flood,0,0,0,0,0,0,10/7/2021,715
985979,Bay County,10/7/2021,600,Flash Flood,0,0,0,0,0,0,10/7/2021,715
985978,Bay County,10/7/2021,600,Flash Flood,0,0,0,0,0,0,10/7/2021,715
985977,Bay County,10/7/2021,600,Flash Flood,0,0,0,0,0,0,10/7/2021,715
985976,Bay County,10/7/2021,600,Flash Flood,0,0,0,0,0,0,10/7/2021,715
985972,Bay County,10/7/2021,600,Flash Flood,0,0,0,0,0,0,10/7/2021,715
985975,Bay County,10/7/2021,600,Flash Flood,0,0,0,0,0,0,10/7/2021,715
985974,Bay County,10/7/2021,600,Flash Flood,0,0,0,0,0,0,10/7/2021,715
985973,Bay County,10/7/2021,600,Flash Flood,0,0,0,0,0,0,10/7/2021,715
985971,Bay County,10/7/2021,600,Flash Flood,0,0,0,0,0,0,10/7/2021,715
985970,Bay County,10/7/2021,600,Flash Flood,0,0,0,0,0,0,10/7/2021,715
985969,Bay County,10/7/2021,600,Flash Flood,0,0,0,0,0,0,10/7/2021,715
985967,Bay County,10/7/2021,600,Flash Flood,0,0,0,0,0,0,10/7/2021,715
985966,Bay County,10/7/2021,600,Flash Flood,0,0,0,0,0,0,10/7/2021,715
985965,Bay County,10/7/2021,600,Flash Flood,0,0,0,0,0,0,10/7/2021,715
985982,Bay County,10/7/2021,637,Flash Flood,0,0,0,0,0,0,10/7/2021,745
985983,Bay County,10/7/2021,645,Flash Flood,0,0,10000,0,0,0,10/7/2021,745
985984,Bay County,10/7/2021,700,Flash Flood,0,0,0,0,0,0,10/7/2021,845
985985,Bay County,10/7/2021,700,Flash Flood,0,0,0,0,0,0,10/7/2021,845
985986,Bay County,10/28/2021,200,Flash Flood,0,0,0,0,0,0,10/28/2021,345
985987,Washington County,10/28/2021,300,Flash Flood,0,0,0,0,0,0,10/28/2021,345
1011288,Washington County,3/18/2022,1702,Flash Flood,0,0,0,0,0,0,3/18/2022,1902
1011289,Calhoun County,3/18/2022,1810,Flash Flood,0,0,0,0,0,0,3/18/2022,2045
1011290,Bay County,3/18/2022,1915,Flash Flood,0,0,0,0,0,0,3/18/2022,2045
1011297,Bay County,3/18/2022,1915,Flash Flood,0,0,0,0,0,0,3/18/2022,2045
1011295,Bay County,3/18/2022,1915,Flash Flood,0,0,3000,0,0,0,3/18/2022,2045
1011293,Bay County,3/18/2022,1915,Flash Flood,0,0,0,0,0,0,3/18/2022,2045
1011298,Calhoun County,3/18/2022,2014,Flash Flood,0,0,0,0,0,0,3/18/2022,2045
1011299,Liberty County,3/18/2022,2054,Flash Flood,0,0,0,0,0,0,3/18/2022,2145
1011302,Gadsden County,3/18/2022,2200,Flash Flood,0,0,0,0,0,0,3/18/2022,2315
1011300,Liberty County,3/18/2022,2210,Flash Flood,0,0,0,0,0,0,3/18/2022,2330
1011301,Gadsden County,3/18/2022,2224,Flash Flood,0,0,0,0,0,0,3/18/2022,2315
1011303,Calhoun County,3/19/2022,500,Flash Flood,0,0,0,0,0,0,3/19/2022,645
1011304,Calhoun County,3/19/2022,500,Flash Flood,0,0,0,0,0,0,3/19/2022,645
1011280,Jefferson County,3/19/2022,1700,Flood,0,0,0,0,0,0,3/19/2022,2300
1011548,Bay County,3/31/2022,530,Flash Flood,0,0,0,0,0,0,3/31/2022,630
1017017,Leon County,4/6/2022,1600,Flood,0,0,0,0,0,0,4/6/2022,1700
1025888,Gulf County,5/25/2022,1723,Flash Flood,0,0,0,0,0,0,5/25/2022,2300
1032136,Santa Rosa County,5/26/2022,1130,Flash Flood,0,0,0,0,0,0,5/26/2022,1200
1025889,Gulf County,5/26/2022,1230,Flash Flood,0,0,0,0,0,0,5/26/2022,1330
1041366,Bay County,6/25/2022,940,Flood,0,0,0,0,0,0,6/25/2022,1040
1041367,Leon County,6/25/2022,1600,Flood,0,0,0,0,0,0,6/25/2022,1700
1041368,Wakulla County,6/28/2022,930,Flood,0,0,0,0,0,0,6/28/2022,1030
1042562,Santa Rosa County,6/30/2022,1000,Flash Flood,0,0,0,0,0,0,6/30/2022,1200
1042563,Escambia County,6/30/2022,1000,Flash Flood,0,0,0,0,0,0,6/30/2022,1200
1049041,Escambia County,7/10/2022,1637,Flash Flood,0,0,0,0,0,0,7/10/2022,1900
1046989,Bay County,7/11/2022,1900,Flash Flood,0,0,0,0,0,0,7/11/2022,2100
1046990,Bay County,7/12/2022,1118,Flash Flood,0,0,0,0,0,0,7/12/2022,1330
1046992,Calhoun County,7/15/2022,433,Flash Flood,0,0,0,0,0,0,7/15/2022,630
1053010,Gadsden County,8/13/2022,2000,Flash Flood,0,0,0,0,0,0,8/13/2022,2100
1053015,Bay County,8/17/2022,1639,Flood,0,0,0,0,0,0,8/17/2022,1715
1053036,Bay County,8/27/2022,1127,Flash Flood,0,0,0,0,0,0,8/27/2022,1230
1053038,Jefferson County,8/31/2022,1823,Flood,0,0,0,0,0,0,8/31/2022,1900
1055879,Santa Rosa County,9/9/2022,2200,Flash Flood,0,0,0,0,0,0,9/10/2022,0
1056667,Bay County,9/11/2022,715,Flash Flood,0,0,0,0,0,0,9/11/2022,815
1056671,Bay County,9/11/2022,715,Flash Flood,0,0,0,0,0,0,9/11/2022,815
1056675,Bay County,9/11/2022,816,Flash Flood,0,0,0,0,0,0,9/11/2022,1045
1056678,Bay County,9/11/2022,821,Flash Flood,0,0,0,0,0,0,9/11/2022,1100
1056680,Bay County,9/11/2022,837,Flash Flood,0,0,0,0,0,0,9/11/2022,1100
1056682,Bay County,9/11/2022,842,Flash Flood,0,0,0,0,0,0,9/11/2022,1100
1056685,Bay County,9/11/2022,930,Flash Flood,0,0,0,0,0,0,9/11/2022,1100
1056690,Bay County,9/11/2022,1000,Flash Flood,0,0,0,0,0,0,9/11/2022,1100
1056691,Bay County,9/11/2022,1000,Flash Flood,0,0,0,0,0,0,9/11/2022,1100
1056692,Gulf County,9/11/2022,1045,Flash Flood,0,0,0,0,0,0,9/11/2022,1145
1055698,Leon County,9/12/2022,1849,Flood,0,0,0,0,0,0,9/12/2022,1915
1055699,Leon County,9/12/2022,1857,Flood,0,0,0,0,0,0,9/12/2022,1930
1098575,Escambia County,4/27/2023,1142,Flash Flood,0,0,0,0,0,0,4/27/2023,1400
1092876,Calhoun County,5/22/2023,1438,Flood,0,0,0,0,0,0,5/22/2023,1700
1092877,Calhoun County,5/22/2023,1530,Flood,0,0,0,0,0,0,5/22/2023,1700
1092878,Calhoun County,5/22/2023,1530,Flood,0,0,0,0,0,0,5/22/2023,1700
1092881,Calhoun County,5/22/2023,1600,Flash Flood,0,0,0,0,0,0,5/22/2023,1700
1092891,Washington County,5/22/2023,1640,Flood,0,0,0,0,0,0,5/22/2023,1800
1092893,Washington County,5/22/2023,1640,Flood,0,0,0,0,0,0,5/22/2023,1800
1115295,Escambia County,6/15/2023,2100,Flash Flood,0,0,0,0,0,0,6/16/2023,200
1116136,Escambia County,6/15/2023,2100,Flash Flood,0,0,0,0,0,0,6/16/2023,200
1116135,Escambia County,6/15/2023,2100,Flash Flood,0,0,0,0,0,0,6/16/2023,200
1115296,Escambia County,6/15/2023,2100,Flash Flood,0,0,0,0,0,0,6/16/2023,200
1116076,Santa Rosa County,6/16/2023,23,Flash Flood,0,0,0,0,0,0,6/16/2023,200
1116107,Escambia County,6/16/2023,24,Flash Flood,0,0,0,0,0,0,6/16/2023,200
1116214,Escambia County,6/16/2023,756,Flash Flood,0,0,0,0,0,0,6/16/2023,905
1116215,Escambia County,6/16/2023,756,Flash Flood,0,0,0,0,0,0,6/16/2023,905
1120536,Walton County,7/14/2023,558,Flash Flood,0,0,0,0,0,0,7/14/2023,1100
1120537,Washington County,7/14/2023,745,Flash Flood,0,0,0,0,0,0,7/14/2023,845
1120589,Walton County,7/14/2023,900,Flash Flood,0,0,0,0,0,0,7/14/2023,1000
1120594,Walton County,7/14/2023,900,Flash Flood,0,0,0,0,0,0,7/14/2023,1000
1120591,Walton County,7/14/2023,900,Flash Flood,0,0,0,0,0,0,7/14/2023,1000
1120595,Walton County,7/14/2023,909,Flash Flood,0,0,250000,0,0,0,7/14/2023,1009
1120596,Walton County,7/14/2023,927,Flash Flood,0,0,0,0,0,0,7/14/2023,1200
1123549,Escambia County,7/14/2023,1320,Flash Flood,0,0,0,0,0,0,7/14/2023,1420
1122633,Calhoun County,7/24/2023,1700,Flash Flood,0,0,0,0,0,0,7/24/2023,1800
1122634,Calhoun County,7/24/2023,1700,Flash Flood,0,0,0,0,0,0,7/24/2023,1800
1130906,Walton County,8/5/2023,1321,Flood,0,0,0,0,0,0,8/5/2023,1400
1130903,Bay County,8/5/2023,1515,Flash Flood,0,0,0,0,0,0,8/5/2023,1545
1130904,Bay County,8/5/2023,1515,Flash Flood,0,0,0,0,0,0,8/5/2023,1545
1130905,Bay County,8/5/2023,1515,Flash Flood,0,0,0,0,0,0,8/5/2023,1545
1127110,Washington County,9/1/2023,1305,Flash Flood,0,0,0,0,0,0,9/1/2023,1430
1127111,Franklin County,9/2/2023,720,Flash Flood,0,0,0,0,0,0,9/2/2023,830
1146165,Bay County,12/2/2023,840,Flood,0,0,0,0,0,0,12/2/2023,1145
1146161,Bay County,12/2/2023,840,Flash Flood,0,0,0,0,0,0,12/2/2023,1145
1146160,Bay County,12/2/2023,840,Flash Flood,0,0,0,0,0,0,12/2/2023,1145
1146169,Bay County,12/2/2023,840,Flood,0,0,0,0,0,0,12/2/2023,1145
1146168,Bay County,12/2/2023,840,Flood,0,0,0,0,0,0,12/2/2023,1145
1146167,Bay County,12/2/2023,840,Flood,0,0,0,0,0,0,12/2/2023,1145
1146166,Bay County,12/2/2023,840,Flood,0,0,0,0,0,0,12/2/2023,1145
1146162,Leon County,12/2/2023,1049,Flash Flood,0,0,0,0,0,0,12/2/2023,1300
1146163,Wakulla County,12/2/2023,1703,Flash Flood,0,0,0,0,0,0,12/2/2023,1745
1146173,Gulf County,12/10/2023,805,Flood,0,0,0,0,0,0,12/10/2023,1000
1158244,Santa Rosa County,1/27/2024,1140,Flash Flood,0,0,0,0,0,0,1/27/2024,1340
1158245,Santa Rosa County,1/27/2024,1140,Flash Flood,0,0,0,0,0,0,1/27/2024,1340
1175099,Bay County,4/10/2024,1840,Flash Flood,0,0,0,0,0,0,4/10/2024,2145
1175098,Holmes County,4/10/2024,1930,Flash Flood,0,0,0,0,0,0,4/10/2024,2130
1175101,Gulf County,4/11/2024,129,Flash Flood,0,0,0,0,0,0,4/11/2024,445
1175522,Leon County,4/11/2024,200,Flash Flood,0,0,3000000,0,0,0,4/11/2024,545
1175288,Leon County,4/11/2024,203,Flash Flood,0,0,0,0,0,0,4/11/2024,545
1175287,Leon County,4/11/2024,203,Flash Flood,0,0,0,0,0,0,4/11/2024,545
1175286,Leon County,4/11/2024,203,Flash Flood,0,0,0,0,0,0,4/11/2024,545
1175285,Leon County,4/11/2024,203,Flash Flood,0,0,0,0,0,0,4/11/2024,545
1175284,Leon County,4/11/2024,203,Flash Flood,0,0,0,0,0,0,4/11/2024,545
1175291,Leon County,4/11/2024,203,Flash Flood,0,0,0,0,0,0,4/11/2024,545
1175290,Leon County,4/11/2024,203,Flash Flood,0,0,0,0,0,0,4/11/2024,545
1175289,Leon County,4/11/2024,203,Flash Flood,0,0,0,0,0,0,4/11/2024,545
1175292,Leon County,4/11/2024,213,Flash Flood,0,0,0,0,0,0,4/11/2024,545
1175293,Leon County,4/11/2024,225,Flash Flood,0,0,0,0,0,0,4/11/2024,545
1175294,Leon County,4/11/2024,227,Flash Flood,0,0,0,0,0,0,4/11/2024,545
1175295,Leon County,4/11/2024,230,Flash Flood,0,0,0,0,0,0,4/11/2024,545
1175296,Leon County,4/11/2024,243,Flash Flood,0,0,0,0,0,0,4/11/2024,545
1175297,Leon County,4/11/2024,247,Flash Flood,0,0,500000,0,0,0,4/11/2024,545
1175103,Jefferson County,4/11/2024,248,Flash Flood,0,0,0,0,0,0,4/11/2024,545
1175104,Gadsden County,4/11/2024,251,Flash Flood,0,0,0,0,0,0,4/11/2024,545
1175102,Gulf County,4/11/2024,258,Flash Flood,0,0,0,0,0,0,4/11/2024,445
1175486,Leon County,4/11/2024,300,Flash Flood,0,0,0,0,0,0,4/11/2024,545
1175512,Leon County,4/11/2024,300,Flash Flood,0,0,0,0,0,0,4/11/2024,545
1175511,Leon County,4/11/2024,300,Flash Flood,0,0,0,0,0,0,4/11/2024,545
1175510,Leon County,4/11/2024,300,Flash Flood,0,0,0,0,0,0,4/11/2024,545
1175509,Leon County,4/11/2024,300,Flash Flood,0,0,0,0,0,0,4/11/2024,545
1175508,Leon County,4/11/2024,300,Flash Flood,0,0,0,0,0,0,4/11/2024,545
1175507,Leon County,4/11/2024,300,Flash Flood,0,0,0,0,0,0,4/11/2024,545
1175506,Leon County,4/11/2024,300,Flash Flood,0,0,0,0,0,0,4/11/2024,545
1175505,Leon County,4/11/2024,300,Flash Flood,0,0,0,0,0,0,4/11/2024,545
1175504,Leon County,4/11/2024,300,Flash Flood,0,0,0,0,0,0,4/11/2024,545
1175503,Leon County,4/11/2024,300,Flash Flood,0,0,0,0,0,0,4/11/2024,545
1175501,Leon County,4/11/2024,300,Flash Flood,0,0,0,0,0,0,4/11/2024,545
1175498,Leon County,4/11/2024,300,Flash Flood,0,0,0,0,0,0,4/11/2024,545
1175495,Leon County,4/11/2024,300,Flash Flood,0,0,0,0,0,0,4/11/2024,545
1175494,Leon County,4/11/2024,300,Flash Flood,0,0,0,0,0,0,4/11/2024,545
1175493,Leon County,4/11/2024,300,Flash Flood,0,0,0,0,0,0,4/11/2024,545
1175490,Leon County,4/11/2024,300,Flash Flood,0,0,0,0,0,0,4/11/2024,545
1175489,Leon County,4/11/2024,300,Flash Flood,0,0,0,0,0,0,4/11/2024,545
1175488,Leon County,4/11/2024,300,Flash Flood,0,0,0,0,0,0,4/11/2024,545
1175487,Leon County,4/11/2024,300,Flash Flood,0,0,0,0,0,0,4/11/2024,545
1175106,Wakulla County,4/11/2024,305,Flash Flood,0,0,0,0,0,0,4/11/2024,545
1175107,Jefferson County,4/11/2024,313,Flash Flood,0,0,0,0,0,0,4/11/2024,545
1175108,Jefferson County,4/11/2024,330,Flash Flood,0,0,0,0,0,0,4/11/2024,530
1175132,Leon County,4/11/2024,400,Flash Flood,0,0,0,0,0,0,4/11/2024,545
1175138,Leon County,4/11/2024,400,Flash Flood,0,0,0,0,0,0,4/11/2024,545
1175137,Leon County,4/11/2024,400,Flash Flood,0,0,0,0,0,0,4/11/2024,545
1175136,Leon County,4/11/2024,400,Flash Flood,0,0,0,0,0,0,4/11/2024,545
1175134,Leon County,4/11/2024,400,Flash Flood,0,0,0,0,0,0,4/11/2024,545
1175133,Leon County,4/11/2024,400,Flash Flood,0,0,0,0,0,0,4/11/2024,545
1175513,Leon County,4/11/2024,402,Flash Flood,0,0,0,0,0,0,4/11/2024,545
1175109,Jefferson County,4/11/2024,414,Flash Flood,0,0,0,0,0,0,4/11/2024,545
1175135,Leon County,4/11/2024,430,Flash Flood,0,0,250000,0,0,0,4/11/2024,545
1175515,Leon County,4/11/2024,432,Flash Flood,0,0,0,0,0,0,4/11/2024,545
1175110,Jefferson County,4/11/2024,445,Flash Flood,0,0,0,0,0,0,4/11/2024,545
1175111,Leon County,4/12/2024,1800,Flood,0,0,0,0,0,0,4/17/2024,1800
1188759,Escambia County,5/13/2024,1026,Flash Flood,0,0,0,0,0,0,5/13/2024,1026
1188771,Escambia County,5/13/2024,1032,Flash Flood,0,0,0,0,0,0,5/13/2024,1032
1186479,Washington County,5/17/2024,1730,Flash Flood,0,0,0,0,0,0,5/17/2024,2145
1186481,Holmes County,5/17/2024,1900,Flash Flood,0,0,0,0,0,0,5/17/2024,2145
1185775,Washington County,5/18/2024,900,Flash Flood,0,0,0,0,0,0,5/18/2024,1000
1185777,Washington County,5/18/2024,905,Flash Flood,0,0,0,0,0,0,5/18/2024,1000
1191250,Gulf County,6/2/2024,1545,Flash Flood,0,0,0,0,0,0,6/2/2024,1645
1191253,Bay County,6/16/2024,1740,Flash Flood,0,0,0,0,0,0,6/16/2024,2000
1191256,Walton County,6/27/2024,401,Flash Flood,0,0,0,0,0,0,6/27/2024,615
1191259,Gadsden County,6/29/2024,2030,Flash Flood,0,0,0,0,0,0,6/29/2024,2115
1191888,Gadsden County,7/29/2024,1900,Flash Flood,0,0,0,0,0,0,7/29/2024,2015
1191905,Bay County,8/2/2024,751,Flash Flood,0,0,0,0,0,0,8/2/2024,915
1203668,Walton County,9/12/2024,730,Flash Flood,0,0,0,0,0,0,9/12/2024,915
1203667,Walton County,9/12/2024,730,Flash Flood,0,0,0,0,0,0,9/12/2024,915
1203670,Gulf County,9/12/2024,938,Flash Flood,0,0,0,0,0,0,9/12/2024,1030
1203671,Franklin County,9/12/2024,1115,Flash Flood,0,0,0,0,0,0,9/12/2024,1400
1203672,Franklin County,9/12/2024,1230,Flash Flood,0,0,0,0,0,0,9/12/2024,1400
1203755,Franklin County,9/13/2024,530,Flash Flood,0,0,0,0,0,0,9/13/2024,915
1203753,Franklin County,9/13/2024,730,Flash Flood,0,0,0,0,0,0,9/13/2024,915
1203758,Washington County,9/13/2024,1307,Flash Flood,0,0,0,0,0,0,9/13/2024,1600
1203764,Bay County,9/13/2024,1323,Flash Flood,0,0,0,0,0,0,9/13/2024,1600
1203765,Bay County,9/13/2024,1330,Flash Flood,0,0,0,0,0,0,9/13/2024,1600
1203759,Walton County,9/13/2024,1330,Flash Flood,0,0,0,0,0,0,9/13/2024,1600
1203766,Bay County,9/13/2024,1430,Flash Flood,0,0,0,0,0,0,9/13/2024,1600
1203767,Bay County,9/13/2024,1430,Flash Flood,0,0,0,0,0,0,9/13/2024,1600
1203768,Bay County,9/13/2024,1432,Flash Flood,0,0,0,0,0,0,9/13/2024,1600
1203760,Gulf County,9/13/2024,1559,Flash Flood,0,0,0,0,0,0,9/13/2024,1715
1203761,Gulf County,9/13/2024,1600,Flash Flood,0,0,0,0,0,0,9/13/2024,1900
1203762,Franklin County,9/13/2024,1830,Flash Flood,0,0,0,0,0,0,9/13/2024,2000
1203763,Franklin County,9/13/2024,1850,Flash Flood,0,0,0,0,0,0,9/13/2024,2000
1216592,Santa Rosa County,9/16/2024,430,Flash Flood,0,0,0,0,0,0,9/16/2024,650
1209523,Gulf County,9/25/2024,850,Flash Flood,0,0,0,0,0,0,9/25/2024,930
1209524,Holmes County,9/25/2024,1530,Flash Flood,0,0,0,0,0,0,9/25/2024,1800
1209525,Gadsden County,9/25/2024,2125,Flash Flood,0,0,0,0,0,0,9/26/2024,15
1209527,Gulf County,9/26/2024,1000,Flash Flood,0,0,0,0,0,0,9/26/2024,1315
1209529,Calhoun County,9/26/2024,1100,Flash Flood,0,0,0,0,0,0,9/26/2024,1315
1209532,Franklin County,9/26/2024,1100,Flash Flood,0,0,0,0,0,0,9/26/2024,1315
1209531,Franklin County,9/26/2024,1100,Flash Flood,0,0,0,0,0,0,9/26/2024,1315
1209528,Calhoun County,9/26/2024,1100,Flash Flood,0,0,0,0,0,0,9/26/2024,1315
1209530,Franklin County,9/26/2024,1100,Flash Flood,0,0,0,0,0,0,9/26/2024,1315
1209533,Calhoun County,9/26/2024,1115,Flash Flood,0,0,0,0,0,0,9/26/2024,1315
1209535,Calhoun County,9/26/2024,1115,Flash Flood,0,0,0,0,0,0,9/26/2024,1315
1209534,Calhoun County,9/26/2024,1115,Flash Flood,0,0,0,0,0,0,9/26/2024,1315
1209539,Gulf County,9/26/2024,1156,Flash Flood,0,0,0,0,0,0,9/26/2024,1315
1209540,Liberty County,9/26/2024,1200,Flash Flood,0,0,50000,0,0,0,9/26/2024,1415
1209541,Liberty County,9/26/2024,1200,Flash Flood,0,0,0,0,0,0,9/26/2024,1415
1209542,Franklin County,9/26/2024,1209,Flash Flood,0,0,0,0,0,0,9/26/2024,1415
1209543,Wakulla County,9/26/2024,1209,Flash Flood,0,0,0,0,0,0,9/26/2024,1415
1209544,Bay County,9/26/2024,1255,Flash Flood,0,0,0,0,0,0,9/26/2024,1545
1209547,Calhoun County,9/26/2024,1400,Flash Flood,0,0,0,0,0,0,9/26/2024,1545
1209548,Washington County,9/26/2024,1430,Flash Flood,0,0,0,0,0,0,9/26/2024,1545
1209551,Bay County,9/26/2024,1445,Flash Flood,0,0,0,0,0,0,9/26/2024,1545
1209549,Washington County,9/26/2024,1450,Flash Flood,0,0,0,0,0,0,9/26/2024,1545
1209550,Washington County,9/26/2024,1450,Flash Flood,0,0,0,0,0,0,9/26/2024,1545
1209552,Washington County,9/26/2024,1600,Flash Flood,0,0,0,0,0,0,9/26/2024,2300
1209553,Washington County,9/26/2024,1600,Flash Flood,0,0,0,0,0,0,9/26/2024,2300
1209642,Holmes County,9/26/2024,1730,Flash Flood,0,0,0,0,0,0,9/26/2024,2315
1209650,Holmes County,9/26/2024,1730,Flash Flood,0,0,0,0,0,0,9/26/2024,2315
1209649,Holmes County,9/26/2024,1730,Flash Flood,0,0,0,0,0,0,9/26/2024,2315
1209648,Holmes County,9/26/2024,1730,Flash Flood,0,0,0,0,0,0,9/26/2024,2315
1209645,Holmes County,9/26/2024,1730,Flash Flood,0,0,0,0,0,0,9/26/2024,2315
1209644,Holmes County,9/26/2024,1730,Flash Flood,0,0,0,0,0,0,9/26/2024,2315
1209647,Holmes County,9/26/2024,1730,Flash Flood,0,0,0,0,0,0,9/26/2024,2315
1209646,Holmes County,9/26/2024,1730,Flash Flood,0,0,0,0,0,0,9/26/2024,2315
1209643,Holmes County,9/26/2024,1730,Flash Flood,0,0,0,0,0,0,9/26/2024,2315
1209526,Holmes County,9/26/2024,1745,Flash Flood,0,0,0,0,0,0,9/27/2024,15
1209554,Gadsden County,9/26/2024,2330,Flash Flood,0,0,0,0,0,0,9/27/2024,215
1209555,Leon County,9/27/2024,0,Flash Flood,0,0,0,0,0,0,9/27/2024,215
1239386,Leon County,3/9/2025,1637,Flood,0,0,0,0,0,0,3/9/2025,1700
1239388,Liberty County,3/9/2025,1800,Flash Flood,0,0,0,0,0,0,3/9/2025,1900
1239389,Jefferson County,3/9/2025,1930,Flash Flood,0,0,0,0,0,0,3/9/2025,2015
1259189,Escambia County,4/6/2025,1930,Flash Flood,0,0,0,0,0,0,4/6/2025,2200
1260654,Bay County,5/11/2025,645,Flash Flood,0,0,0,0,0,0,5/11/2025,845
1260657,Washington County,5/11/2025,730,Flash Flood,0,0,0,0,0,0,5/11/2025,900
1260658,Washington County,5/11/2025,730,Flash Flood,0,0,0,0,0,0,5/11/2025,900
1275980,Santa Rosa County,6/9/2025,200,Flash Flood,0,0,0,0,0,0,6/9/2025,400
1275981,Santa Rosa County,6/9/2025,200,Flash Flood,0,0,0,0,0,0,6/9/2025,400
1278456,Santa Rosa County,6/10/2025,1415,Flash Flood,0,0,0,0,0,0,6/10/2025,1615
1279530,Bay County,7/15/2025,1517,Flash Flood,0,0,0,0,0,0,7/15/2025,1615
5141294,JACKSON CO.,4/24/2000,1405,Flash Flood,0,0,30000,0,0,0,4/24/2000,1435
5319975,JACKSON CO.,9/14/2002,2345,Flash Flood,0,0,25000,0,0,0,9/15/2002,130
5319814,OKALOOSA CO.,9/25/2002,1620,Flash Flood,0,0,0,0,0,0,9/25/2002,2000
5319823,OKALOOSA CO.,9/26/2002,100,Flash Flood,0,0,0,0,0,0,9/26/2002,1500
5350399,OKALOOSA CO.,4/8/2003,700,Flash Flood,0,0,0,0,0,0,4/8/2003,800
5370604,OKALOOSA CO.,7/1/2003,0,Flash Flood,0,0,0,0,0,0,7/1/2003,800
5373534,OKALOOSA CO.,7/2/2003,1445,Flash Flood,0,0,3000,0,0,0,7/2/2003,1600
5407420,OKALOOSA CO.,6/26/2004,1445,Flash Flood,0,0,0,0,0,0,6/26/2004,1600
5439762,OKALOOSA CO.,3/31/2005,1700,Flash Flood,0,0,0,0,0,0,3/31/2005,2359
5443067,OKALOOSA CO.,4/1/2005,0,Flash Flood,0,0,50000,0,0,0,4/1/2005,1130
5447901,JACKSON (ZONE),4/1/2005,1800,Flood,0,0,100000,0,0,0,4/3/2005,1800
5443262,OKALOOSA CO.,4/6/2005,2245,Flash Flood,0,0,50000,0,0,0,4/7/2005,200
5443703,OKALOOSA CO.,4/30/2005,1100,Flash Flood,0,0,0,0,0,0,4/30/2005,1200
5463714,OKALOOSA CO.,7/10/2005,1330,Flash Flood,0,0,0,0,0,0,7/10/2005,1800
5469399,OKALOOSA CO.,8/29/2005,1430,Flash Flood,0,0,0,0,0,0,8/29/2005,1830
5475492,OKALOOSA CO.,9/26/2005,1000,Flash Flood,0,0,0,0,0,0,9/26/2005,1100
62252,OKALOOSA CO.,10/19/2007,140,Flash Flood,0,0,10000,0,0,0,10/19/2007,1300
81601,JACKSON CO.,2/21/2008,1900,Flood,0,0,0,0,0,0,2/22/2008,100
81604,JACKSON CO.,2/24/2008,1800,Flood,0,0,0,0,0,0,2/26/2008,1800
93057,OKALOOSA CO.,4/5/2008,1030,Flash Flood,0,0,0,0,0,0,4/5/2008,1130
161061,OKALOOSA CO.,3/28/2009,904,Flash Flood,0,0,0,0,0,0,3/28/2009,1004
161062,OKALOOSA CO.,3/28/2009,1000,Flash Flood,1,0,0,0,0,0,3/28/2009,1100
161495,OKALOOSA CO.,3/28/2009,1135,Flash Flood,0,0,0,0,0,0,3/28/2009,1235
167568,JACKSON CO.,4/2/2009,1506,Flood,0,0,0,0,0,0,4/2/2009,1606
167571,JACKSON CO.,4/2/2009,1506,Flood,0,0,0,0,0,0,4/2/2009,1606
167572,JACKSON CO.,4/2/2009,1506,Flood,0,0,0,0,0,0,4/2/2009,1606
167573,JACKSON CO.,4/2/2009,1506,Flood,0,0,0,0,0,0,4/2/2009,1606
195550,OKALOOSA CO.,8/17/2009,600,Flash Flood,0,0,25000,0,0,0,8/17/2009,930
208642,OKALOOSA CO.,12/2/2009,740,Flash Flood,0,0,0,0,0,0,12/2/2009,742
213849,OKALOOSA CO.,1/21/2010,440,Flash Flood,0,0,10000,0,0,0,1/21/2010,540
216598,OKALOOSA CO.,2/5/2010,330,Flash Flood,0,0,0,0,0,0,2/5/2010,430
349790,OKALOOSA CO.,9/5/2011,1115,Flash Flood,0,0,0,0,0,0,9/5/2011,1315
357812,JACKSON CO.,2/18/2012,2015,Flash Flood,0,0,0,0,0,0,2/19/2012,130
360362,JACKSON CO.,3/3/2012,1115,Flash Flood,0,0,2000,0,0,0,3/3/2012,1515
360369,JACKSON CO.,3/3/2012,1415,Flash Flood,0,0,2000,0,0,0,3/3/2012,1515
408867,OKALOOSA CO.,8/7/2012,1330,Flood,0,0,0,0,0,0,8/7/2012,1430
435779,JACKSON CO.,2/25/2013,1000,Flood,0,0,1880000,0,0,0,2/26/2013,1100
427317,JACKSON CO.,2/25/2013,1000,Flash Flood,0,0,50000,0,0,0,2/25/2013,1100
472053,OKALOOSA CO.,7/5/2013,1430,Flash Flood,0,0,15000,0,0,0,7/5/2013,1630
472056,OKALOOSA CO.,7/5/2013,1430,Flash Flood,0,0,0,0,0,0,7/5/2013,1630
472054,OKALOOSA CO.,7/5/2013,1430,Flash Flood,0,0,0,0,0,0,7/5/2013,1630
472072,OKALOOSA CO.,7/5/2013,1448,Flood,0,0,0,0,0,0,7/5/2013,1648
472058,OKALOOSA CO.,7/5/2013,1449,Flash Flood,0,0,0,0,0,0,7/5/2013,1630
472059,OKALOOSA CO.,7/5/2013,1456,Flash Flood,0,0,0,0,0,0,7/5/2013,1630
475856,JACKSON CO.,8/16/2013,1800,Flash Flood,0,0,0,0,0,0,8/16/2013,1900
475857,JACKSON CO.,8/16/2013,1800,Flash Flood,0,0,0,0,0,0,8/16/2013,1900
475858,JACKSON CO.,8/16/2013,1800,Flash Flood,0,0,0,0,0,0,8/16/2013,1900
475859,JACKSON CO.,8/16/2013,2200,Flash Flood,0,0,0,0,0,0,8/17/2013,0
475860,JACKSON CO.,8/16/2013,2330,Flash Flood,0,0,0,0,0,0,8/17/2013,130
478269,JACKSON CO.,9/23/2013,1825,Flash Flood,0,0,0,0,0,0,9/23/2013,1945
509204,OKALOOSA CO.,3/16/2014,900,Flood,0,0,0,0,0,0,3/16/2014,1135
516863,OKALOOSA CO.,4/15/2014,0,Flash Flood,0,0,0,0,0,0,4/15/2014,100
515782,JACKSON CO.,4/15/2014,215,Flash Flood,0,0,0,0,0,0,4/15/2014,315
515798,JACKSON CO.,4/15/2014,215,Flash Flood,0,0,0,0,0,0,4/15/2014,315
515797,JACKSON CO.,4/15/2014,215,Flash Flood,0,0,0,0,0,0,4/15/2014,315
515795,JACKSON CO.,4/15/2014,215,Flash Flood,0,0,0,0,0,0,4/15/2014,315
515792,JACKSON CO.,4/15/2014,215,Flash Flood,0,0,0,0,0,0,4/15/2014,315
515799,JACKSON CO.,4/15/2014,315,Flash Flood,0,0,0,0,0,0,4/15/2014,415
515800,JACKSON CO.,4/15/2014,315,Flash Flood,0,0,0,0,0,0,4/15/2014,415
515801,JACKSON CO.,4/15/2014,315,Flash Flood,0,0,0,0,0,0,4/15/2014,415
515802,JACKSON CO.,4/15/2014,315,Flash Flood,0,0,0,0,0,0,4/15/2014,415
515803,JACKSON CO.,4/15/2014,315,Flash Flood,0,0,0,0,0,0,4/15/2014,415
514210,OKALOOSA CO.,4/29/2014,2200,Flash Flood,0,0,1460000,0,0,0,4/30/2014,900
515842,JACKSON CO.,4/30/2014,405,Flash Flood,0,0,0,0,0,0,4/30/2014,700
515483,JACKSON CO.,4/30/2014,700,Flood,0,0,6690000,0,0,0,4/30/2014,2359
565661,JACKSON CO.,4/12/2015,1926,Flash Flood,0,0,2000,0,0,0,4/13/2015,300
565664,JACKSON CO.,4/12/2015,1926,Flash Flood,0,0,2000,0,0,0,4/13/2015,300
565663,JACKSON CO.,4/12/2015,1926,Flash Flood,0,0,2000,0,0,0,4/13/2015,300
565662,JACKSON CO.,4/12/2015,1926,Flash Flood,0,0,2000,0,0,0,4/13/2015,300
565851,JACKSON CO.,4/12/2015,2220,Flash Flood,0,0,5000,0,0,0,4/13/2015,300
565876,JACKSON CO.,4/12/2015,2220,Flash Flood,0,0,5000,0,0,0,4/13/2015,300
565877,JACKSON CO.,4/12/2015,2220,Flash Flood,0,0,5000,0,0,0,4/13/2015,300
565875,JACKSON CO.,4/12/2015,2220,Flash Flood,0,0,5000,0,0,0,4/13/2015,300
565874,JACKSON CO.,4/12/2015,2220,Flash Flood,0,0,0,0,0,0,4/13/2015,300
565873,JACKSON CO.,4/12/2015,2220,Flash Flood,0,0,5000,0,0,0,4/13/2015,300
565862,JACKSON CO.,4/12/2015,2220,Flash Flood,0,0,5000,0,0,0,4/13/2015,300
565860,JACKSON CO.,4/12/2015,2220,Flash Flood,0,0,10000,0,0,0,4/13/2015,300
565858,JACKSON CO.,4/12/2015,2220,Flash Flood,0,0,5000,0,0,0,4/13/2015,300
565855,JACKSON CO.,4/12/2015,2220,Flash Flood,0,0,5000,0,0,0,4/13/2015,300
565852,JACKSON CO.,4/12/2015,2220,Flash Flood,0,0,5000,0,0,0,4/13/2015,300
565652,JACKSON CO.,4/16/2015,900,Flash Flood,0,0,2000,0,0,0,4/16/2015,945
565654,JACKSON CO.,4/16/2015,900,Flash Flood,0,0,2000,0,0,0,4/16/2015,945
565655,JACKSON CO.,4/16/2015,900,Flash Flood,0,0,2000,0,0,0,4/16/2015,945
600915,OKALOOSA CO.,9/28/2015,1900,Flash Flood,0,0,100000,0,0,0,9/28/2015,2100
601687,JACKSON CO.,9/29/2015,15,Flash Flood,0,0,0,0,0,0,9/29/2015,200
601688,JACKSON CO.,9/29/2015,130,Flash Flood,0,0,0,0,0,0,9/29/2015,200
601752,JACKSON CO.,11/8/2015,1600,Flood,0,0,0,0,0,0,11/9/2015,1600
601754,JACKSON CO.,11/8/2015,1600,Flood,0,0,0,0,0,0,11/9/2015,1600
601756,JACKSON CO.,11/8/2015,1600,Flood,0,0,0,0,0,0,11/9/2015,1600
620373,OKALOOSA CO.,2/3/2016,1040,Flash Flood,0,0,0,0,0,0,2/3/2016,1300
620374,OKALOOSA CO.,2/3/2016,1130,Flash Flood,0,0,0,0,0,0,2/3/2016,1300
618625,JACKSON CO.,2/3/2016,1530,Flood,0,0,0,0,0,0,2/4/2016,0
622027,OKALOOSA CO.,2/23/2016,2135,Flash Flood,0,0,0,0,0,0,2/23/2016,2330
620575,JACKSON CO.,3/26/2016,1000,Flood,0,0,10000,0,0,0,3/28/2016,1000
620583,JACKSON CO.,3/26/2016,1000,Flood,0,0,10000,0,0,0,3/28/2016,1000
620584,JACKSON CO.,3/27/2016,400,Flood,0,0,10000,0,0,0,3/28/2016,400
620581,JACKSON CO.,3/27/2016,1545,Flood,0,0,0,0,0,0,3/28/2016,1545
624281,JACKSON CO.,4/2/2016,0,Flood,0,0,0,0,0,0,4/4/2016,0
624276,JACKSON CO.,4/13/2016,1500,Flood,0,0,0,0,0,0,4/15/2016,1500
639381,JACKSON CO.,7/21/2016,1815,Flash Flood,0,0,0,0,0,0,7/21/2016,2030
639384,JACKSON CO.,7/21/2016,1815,Flash Flood,0,0,0,0,0,0,7/21/2016,2030
639383,JACKSON CO.,7/21/2016,1815,Flash Flood,0,0,0,0,0,0,7/21/2016,2030
639385,JACKSON CO.,7/21/2016,1843,Flash Flood,0,0,0,0,0,0,7/21/2016,2030
662246,JACKSON CO.,12/5/2016,1600,Flood,0,0,0,0,0,0,12/6/2016,1600
662250,JACKSON CO.,12/5/2016,1600,Flood,0,0,0,0,0,0,12/6/2016,1600
662247,JACKSON CO.,12/5/2016,1600,Flood,0,0,0,0,0,0,12/6/2016,1600
662253,JACKSON CO.,12/5/2016,1600,Flood,0,0,0,0,0,0,12/6/2016,1600
662252,JACKSON CO.,12/5/2016,1600,Flood,0,0,0,0,0,0,12/6/2016,1600
662251,JACKSON CO.,12/5/2016,1600,Flood,0,0,0,0,0,0,12/6/2016,1600
675546,OKALOOSA CO.,1/2/2017,1920,Flash Flood,0,0,25000,0,0,0,1/2/2017,2200
703726,OKALOOSA CO.,5/20/2017,2245,Flash Flood,0,0,0,0,0,0,5/21/2017,400
703727,OKALOOSA CO.,5/20/2017,2245,Flash Flood,0,0,0,0,0,0,5/21/2017,400
724985,OKALOOSA CO.,10/8/2017,715,Flash Flood,0,0,0,0,0,0,10/8/2017,915
724989,OKALOOSA CO.,10/8/2017,715,Flash Flood,0,0,0,0,0,0,10/8/2017,915
724987,OKALOOSA CO.,10/8/2017,715,Flash Flood,0,0,0,0,0,0,10/8/2017,915
788601,JACKSON CO.,12/1/2018,1917,Flash Flood,0,0,0,0,0,0,12/1/2018,2215
788602,JACKSON CO.,12/1/2018,1949,Flash Flood,0,0,0,0,0,0,12/1/2018,2215
788603,JACKSON CO.,12/1/2018,1958,Flash Flood,0,0,0,0,0,0,12/1/2018,2215
788604,JACKSON CO.,12/1/2018,2015,Flash Flood,0,0,0,0,0,0,12/1/2018,2215
921379,OKALOOSA CO.,9/15/2020,2200,Flash Flood,0,0,0,0,0,0,9/16/2020,1145
920611,JACKSON CO.,9/16/2020,814,Flash Flood,0,0,0,0,0,0,9/16/2020,2000
920612,JACKSON CO.,9/16/2020,816,Flash Flood,0,0,0,0,0,0,9/16/2020,2000
920613,JACKSON CO.,9/16/2020,1450,Flash Flood,0,0,0,0,0,0,9/16/2020,2000
920610,JACKSON CO.,9/16/2020,1500,Flash Flood,0,0,7000000,0,0,0,9/16/2020,2000
956862,OKALOOSA CO.,4/10/2021,750,Flash Flood,0,0,0,0,0,0,4/10/2021,850
956843,OKALOOSA CO.,4/24/2021,1017,Flash Flood,0,0,0,0,0,0,4/24/2021,1117
956844,OKALOOSA CO.,4/24/2021,1032,Flash Flood,0,0,0,0,0,0,4/24/2021,1132
955069,JACKSON CO.,4/24/2021,1115,Flash Flood,0,0,0,0,0,0,4/24/2021,1315
981158,JACKSON CO.,8/16/2021,2011,Flash Flood,0,0,0,0,0,0,8/16/2021,2200
981159,JACKSON CO.,8/16/2021,2115,Flash Flood,0,0,0,0,0,0,8/16/2021,2215
983387,OKALOOSA CO.,8/21/2021,1430,Flash Flood,0,0,0,0,0,0,8/21/2021,1530
983327,OKALOOSA CO.,8/31/2021,740,Flash Flood,0,0,0,0,0,0,8/31/2021,1030
987306,OKALOOSA CO.,9/16/2021,915,Flash Flood,0,0,0,0,0,0,9/16/2021,1115
987308,OKALOOSA CO.,9/20/2021,1420,Flash Flood,0,0,0,0,0,0,9/20/2021,1620
989031,OKALOOSA CO.,10/4/2021,630,Flash Flood,0,0,0,0,0,0,10/4/2021,1000
989703,OKALOOSA CO.,10/4/2021,730,Flash Flood,0,0,0,0,0,0,10/4/2021,1000
989704,OKALOOSA CO.,10/4/2021,800,Flash Flood,0,0,0,0,0,0,10/4/2021,1000
1011284,JACKSON CO.,3/18/2022,1615,Flash Flood,0,0,0,0,0,0,3/18/2022,1900
1011286,JACKSON CO.,3/18/2022,1700,Flash Flood,0,0,0,0,0,0,3/18/2022,1900
1017005,JACKSON CO.,4/17/2022,1650,Flood,0,0,0,0,0,0,4/17/2022,1850
1041337,JACKSON CO.,6/16/2022,1930,Flood,0,0,0,0,0,0,6/16/2022,2030
1046988,JACKSON CO.,7/11/2022,1438,Flash Flood,0,0,0,0,0,0,7/11/2022,1700
1053008,JACKSON CO.,8/13/2022,2000,Flash Flood,0,0,0,0,0,0,8/13/2022,2100
1053009,JACKSON CO.,8/13/2022,2000,Flash Flood,0,0,0,0,0,0,8/13/2022,2100
1092911,JACKSON CO.,5/22/2023,1900,Flood,0,0,0,0,0,0,5/22/2023,2100
1120526,JACKSON CO.,7/14/2023,140,Flash Flood,0,0,0,0,0,0,7/14/2023,700
1120527,JACKSON CO.,7/14/2023,400,Flash Flood,0,0,0,0,0,0,7/14/2023,700
1120530,JACKSON CO.,7/14/2023,500,Flash Flood,0,0,0,0,0,0,7/14/2023,700
1120535,JACKSON CO.,7/14/2023,500,Flash Flood,0,0,0,0,0,0,7/14/2023,700
1120534,JACKSON CO.,7/14/2023,500,Flash Flood,0,0,0,0,0,0,7/14/2023,700
1120532,JACKSON CO.,7/14/2023,500,Flash Flood,0,0,0,0,0,0,7/14/2023,700
1120531,JACKSON CO.,7/14/2023,500,Flash Flood,0,0,0,0,0,0,7/14/2023,700
1123547,OKALOOSA CO.,7/14/2023,1016,Flash Flood,0,0,0,0,0,0,7/14/2023,1100
1123548,OKALOOSA CO.,7/14/2023,1031,Flash Flood,0,0,0,0,0,0,7/14/2023,1131
1132902,OKALOOSA CO.,8/5/2023,1353,Flash Flood,0,0,0,0,0,0,8/5/2023,1600
1132948,OKALOOSA CO.,8/5/2023,1433,Flash Flood,0,0,0,0,0,0,8/5/2023,1600
1175100,JACKSON CO.,4/10/2024,1933,Flash Flood,0,0,0,0,0,0,4/10/2024,2130
1178072,OKALOOSA CO.,4/30/2024,1316,Flash Flood,0,0,0,0,0,0,4/30/2024,1316
1178073,OKALOOSA CO.,4/30/2024,1331,Flash Flood,0,0,0,0,0,0,4/30/2024,1331
1178074,OKALOOSA CO.,4/30/2024,1409,Flash Flood,0,0,0,0,0,0,4/30/2024,1409
1185769,JACKSON CO.,5/18/2024,900,Flash Flood,0,0,0,0,0,0,5/18/2024,1000
1185770,JACKSON CO.,5/18/2024,900,Flash Flood,0,0,0,0,0,0,5/18/2024,1000
1185771,JACKSON CO.,5/18/2024,900,Flash Flood,0,0,0,0,0,0,5/18/2024,1000
1185772,JACKSON CO.,5/18/2024,900,Flash Flood,0,0,0,0,0,0,5/18/2024,1000
1185773,JACKSON CO.,5/18/2024,900,Flash Flood,0,0,0,0,0,0,5/18/2024,1000
1185774,JACKSON CO.,5/18/2024,900,Flash Flood,0,0,0,0,0,0,5/18/2024,1000
1185776,JACKSON CO.,5/18/2024,904,Flash Flood,0,0,0,0,0,0,5/18/2024,1000
1185779,JACKSON CO.,5/18/2024,930,Flash Flood,0,0,0,0,0,0,5/18/2024,1000
1203710,JACKSON CO.,9/14/2024,2245,Flash Flood,0,0,0,0,0,0,9/15/2024,600
1203712,JACKSON CO.,9/15/2024,215,Flash Flood,0,0,0,0,0,0,9/15/2024,600
1203713,JACKSON CO.,9/15/2024,400,Flash Flood,0,0,0,0,0,0,9/15/2024,600
1209546,JACKSON CO.,9/26/2024,1300,Flash Flood,0,0,0,0,0,0,9/26/2024,1445
1209545,JACKSON CO.,9/26/2024,1300,Flash Flood,0,0,0,0,0,0,9/26/2024,1445
1209652,JACKSON CO.,9/26/2024,2130,Flash Flood,0,0,0,0,0,0,9/26/2024,2315
1209653,JACKSON CO.,9/26/2024,2130,Flash Flood,0,0,0,0,0,0,9/26/2024,2315
1209654,JACKSON CO.,9/26/2024,2130,Flash Flood,0,0,0,0,0,0,9/26/2024,2315
1209655,JACKSON CO.,9/26/2024,2130,Flash Flood,0,0,0,0,0,0,9/26/2024,2315
1209651,JACKSON CO.,9/26/2024,2130,Flash Flood,0,0,0,0,0,0,9/26/2024,2315
1209656,JACKSON CO.,9/26/2024,2130,Flash Flood,0,0,0,0,0,0,9/26/2024,2315
1267537,OKALOOSA CO.,5/9/2025,1800,Flash Flood,0,0,0,0,0,0,5/9/2025,1900
